Short Name,Long Name,Vendor,WOSO URL,MOSO URL
Wichita St.,Wichita State University,Sidearm,None,None
Tulane,Tulane University,Sidearm,https://tulanegreenwave.com/sports/womens-soccer,None
Georgia Tech,Georgia Tech,WMT,None,None
Montana St.,Montana State University-Bozeman,Sidearm,https://msubsports.com/sports/womens-soccer,https://msubsports.com/sports/mens-soccer
North Carolina A&T,North Carolina A&T State University,Sidearm,None,None
Morgan St.,Morgan State University,Sidearm,None,None
North Carolina Central,North Carolina Central University,Sidearm,https://ncurams.com/sports/womens-soccer,None
Tennessee St.,Tennessee State University,Sidearm,https://etsubucs.com/sports/womens-soccer/archives,https://etsubucs.com/sports/mens-soccer
Coppin St.,Coppin State University,Sidearm,https://goleopards.com/sports/womens-soccer/opponent-history/coppin-state-university/153,None
Norfolk St.,Norfolk State University,Sidearm,None,None
LSU,Louisiana State University,WMT,https://lsuagenerals.com/sports/womens-soccer,https://lsuagenerals.com/sports/mens-soccer
Kentucky St.,Kentucky State University,Sidearm,None,None
New Orleans,University of New Orleans,Sidearm,https://xulagold.com/sports/womens-soccer,https://xulagold.com/sports/mens-soccer
Bethune-Cookman,Bethune-Cookman University,Sidearm,None,None
Florida A&M,Florida A&M University,Sidearm,None,None
Tarleton St.,Tarleton State University,Sidearm,None,None
Texas at Arlington,University of Texas at Arlington,Sidearm,None,None
North Greenville,North Greenville University,Sidearm,None,None
Bridgeport,University of Bridgeport,PrestoSports,None,None
Bowie St.,Bowie State University,Sidearm,None,None
Fayetteville St.,Fayetteville State University,Sidearm,None,None
Johnson C. Smith,Johnson C. Smith University,Sidearm,None,None
St. Augustine's,St. Augustine's University,Sidearm,None,None
St. Thomas Aquinas,St. Thomas Aquinas College,PrestoSports,None,None
Dist. Columbia,University of the District of Columbia,PrestoSports,None,None
Henderson St.,Henderson State University,Sidearm,None,None
Southern Ark.,Southern Arkansas University,Sidearm,None,None
P.R.-Mayaguez,University of Puerto Rico-Mayaguez Campus,None,None,None
Cameron,Cameron University,Sidearm,None,None
Tex. A&M Int'l,Texas A&M International University,WMT,None,None
Tex. A&M-Kingsville,Texas A&M-Kingsville,WMT,None,None
West Tex. A&M,West Texas A&M University,Sidearm,None,None
Franklin Pierce,Franklin Pierce University,PrestoSports,None,None
Augusta University,Augusta University,Sidearm,None,None
Clayton St.,Clayton State University,Sidearm,None,None
Claflin,Claflin University,Sidearm,None,None
Chadron St.,Chadron State College,Sidearm,None,None
Mars Hill,Mars Hill University,PrestoSports,None,None
Coker,Coker University,PrestoSports,None,None
Carson-Newman,Carson-Newman College,PrestoSports,None,None
Tusculum,Tusculum College,PrestoSports,None,None
Virginia-Wise,Virginia's College at Wise,Sidearm,None,None
Miles,Miles College,Sidearm,None,None
Tuskegee,Tuskegee University,Sidearm,None,None
Clark Atlanta,Clark Atlanta University,Sidearm,None,None
Morehouse,Morehouse College,Sidearm,None,None
Central St. (OH),Central State University,Sidearm,None,None
Lane,Lane College,Sidearm,None,None
Rollins,Rollins College,Sidearm,None,None
Tampa,University of Tampa,PrestoSports,None,None
La Roche,La Roche College,PrestoSports,None,None
Penn St.-Altoona,Penn State Altoona,PrestoSports,None,None
Pitt.-Bradford,"University of Pittsburgh, Bradford",PrestoSports,None,None
Frank. & Marsh.,Franklin & Marshall College,None,None,None
Gettysburg,Gettysburg College,Sidearm,https://gettysburgsports.com/sports/womens-soccer,https://nilclub.com/gettysburg-college/mens-soccer
Haverford,Haverford College,PrestoSports,None,None
Muhlenberg,Muhlenberg College,Sidearm,https://muhlenbergsports.com/sports/womens-soccer,https://tcnjathletics.com/sports/mens-soccer/opponent-history/muhlenberg-college/72
Swarthmore,Swarthmore College,Sidearm,https://swarthmoreathletics.com/sports/womens-soccer,https://swarthmoreathletics.com/sports/mens-soccer
Ursinus,Ursinus College,Sidearm,https://ursinusathletics.com/sports/womens-soccer,https://www.ursinuscamps.com/mens-soccer.cfm
Baruch,Baruch College,Sidearm,None,https://athletics.baruch.cuny.edu/news/2023/11/11/mens-soccer-season-ends-in-ncaa-tournament.aspx
Brooklyn,Brooklyn College,Sidearm,https://www.brooklyncollegeathletics.com/sports/womens-soccer,https://bvmsports.com/ncaa/brooklyn-college-bulldogs/mens-soccer/
CCNY,City College of New York,Sidearm,https://ccnyathletics.com/sports/womens-soccer,https://ccnyathletics.com/sports/mens-soccer
John Jay,John Jay College of Criminal Justice,Sidearm,https://johnjayathletics.com/sports/womens-soccer,https://cunyathletics.com/news/2024/2/5/chris-weeks-tabbed-head-coach-of-john-jay-mens-soccer.aspx
Lehman,Lehman College,Sidearm,https://lehmanathletics.com/sports/womens-soccer,https://athletics.baruch.cuny.edu/sports/mens-soccer/opponent-history/lehman-college/18
Medgar Evers,Medgar Evers College,Sidearm,https://mecathletics.com/sports/womens-soccer,https://johnjayathletics.com/sports/mens-soccer/opponent-history/medgar-evers-college/17
York (NY),York College (N.Y.),Sidearm,https://ycpspartans.com/sports/womens-soccer,https://yorkpanthers.com/sports/mens-soccer
UC Santa Cruz,UC Santa Cruz,Sidearm,https://goslugs.com/sports/womens-soccer,https://goslugs.com/sports/mens-soccer
Salisbury,Salisbury University,Sidearm,https://suseagulls.com/sports/womens-soccer,https://suseagulls.com/news/2024/8/31/mens-soccer-mens-soccer-draws-even-with-tcnj-in-elmer-lord-memorial-tournament.aspx
Pratt Institute,Pratt Institute,Sidearm,https://goprattgo.com/sports/womens-soccer,https://goprattgo.com/sports/mens-soccer
Warren Wilson College,Warren Wilson College,Sidearm,https://warrenwilsonowls.com/sports/womens-soccer,https://events.warren-wilson.edu/event/mens-soccer-vs-carolina-university
Chris. Newport,Christopher Newport University,Sidearm,https://cal.cnu.edu/group/womens_soccer,https://cal.cnu.edu/group/mens_soccer/calendar
Mary Washington,University of Mary Washington,Sidearm,https://umweagles.com/sports/womens-soccer,https://umweagles.com/sports/mens-soccer
Augustana (IL),Augustana College (IL),Sidearm,https://goaugie.com/sports/womens-soccer/archives,https://athletics.augustana.edu/sports/mens-soccer
Elmhurst,Elmhurst College,Sidearm,https://elmhurstbluejays.com/sports/womens-soccer,https://elmhurstbluejays.com/sports/mens-soccer
Ill. Wesleyan,Illinois Wesleyan University,Sidearm,https://www.iwusports.com/sports/womens-soccer,https://iwuwildcats.com/sports/mens-soccer
Millikin,Millikin University,Sidearm,https://athletics.millikin.edu/sports/womens-soccer,https://www.millikinmenssoccercamps.com/
North Central (IL),North Central College,Sidearm,https://ncurams.com/sports/womens-soccer,https://ncurams.com/sports/mens-soccer
North Park,North Park University,Sidearm,https://athletics.northpark.edu/sports/womens-soccer,https://washubears.com/sports/mens-soccer/opponent-history/north-park-university/193
Wheaton (IL),Wheaton College (Ill.),Sidearm,https://wheatoncollegelyons.com/sports/womens-soccer,https://wheatoncollegelyons.com/sports/mens-soccer
Carroll (WI),Carroll University,Sidearm,https://carrollathletics.com/sports/womens-soccer,https://jcusports.com/sports/mens-soccer
Carthage,Carthage College,Sidearm,https://athletics.carthage.edu/news/2024/8/30/womens-soccer-womens-soccer-opens-2024-season-with-a-win.aspx,https://athletics.carthage.edu/sports/mens-soccer
Huntingdon,Huntingdon College,Sidearm,https://rolltide.com/sports/womens-soccer/opponent-history/huntingdon-college/394,None
Covenant,Covenant College,Sidearm,https://athletics.covenant.edu/sports/womens-soccer,https://athletics.covenant.edu/news/2024/2/6/mens-soccer-individual-academy-2024.aspx
LaGrange,LaGrange College,Sidearm,https://lagrangepanthers.com/sports/womens-soccer,https://lagrangepanthers.com/story.aspx?filename=mens-soccer-msoc-recap&file_date=8/31/2024
Piedmont,Piedmont College,Sidearm,https://piedmontlions.com/sports/womens-soccer,https://piedmontlions.com/sports/mens-soccer
Maryville (TN),Maryville College,Sidearm,https://maryvillesaints.com/sports/womens-soccer,https://maryvillesaints.com/sports/mens-soccer
New-England,University of New England,Sidearm,https://athletics.une.edu/sports/womens-soccer,https://athletics.une.edu/sports/mens-soccer
Curry,Curry College,PrestoSports,None,None
Endicott,Endicott College,PrestoSports,None,None
Gordon,Gordon College,Sidearm,https://athletics.gordon.edu/sports/womens-soccer,https://menssoccer.gordoncollegecamps.com/
Nichols,Nichols College,Sidearm,https://geauxcolonels.com/sports/womens-soccer,https://nicholsathletics.com/sports/mens-soccer
Suffolk,Suffolk University,PrestoSports,None,None
Wentworth Inst.,Wentworth Institute of Technology,PrestoSports,None,https://emersonlions.com/sports/mens-soccer/opponent-history/wentworth-institute-of-technology/219
Western New Eng.,Western New England University,Sidearm,https://wnegoldenbears.com/sports/womens-soccer,https://wne.edu/news/2023/11/mens-soccer-send-off.cfm
Roger Williams,Roger Williams University,Sidearm,https://rwuhawks.com/sports/womens-soccer,https://rwuhawks.com/news/2024/8/30/mens-soccer-roger-williams-mens-soccer-grabs-win-number-one-in-season-opener.aspx
Elmira,Elmira College,Sidearm,https://athletics.elmira.edu/sports/womens-soccer,https://athletics.elmira.edu/sports/mens-soccer
Hartwick,Hartwick College,Sidearm,https://www.hartwickhawks.com/sports/womens-soccer,https://oneontaathletics.com/sports/mens-soccer/opponent-history/hartwick-college/6
Houghton,Houghton College,Sidearm,https://athletics.houghton.edu/sports/womens-soccer,https://athletics.houghton.edu/news/2024/8/30/freshmen-lead-way-for-mens-soccer-win.aspx
Keuka,Keuka College,Sidearm,https://keukaathletics.com/sports/womens-soccer,https://keukaathletics.com/news/2023/11/28/mens-soccer-keuka-college-soccer-stands-out-in-the-classroom.aspx
Nazareth,Nazareth College,Sidearm,https://nazathletics.com/sports/womens-soccer,https://nazathletics.com/sports/mens-soccer
Sage Colleges,The Sage Colleges,PrestoSports,None,None
St. John Fisher,St. John Fisher University,Sidearm,https://sjfathletics.com/sports/womens-soccer,https://sjfathletics.com/sports/mens-soccer
Utica,Utica College,Sidearm,https://uticapioneers.com/sports/womens-soccer,https://www.uticamenssoccercamps.com/
St. Joseph (CT),University of Saint Joseph (Conn.),PrestoSports,None,https://bantamsports.com/sports/mens-soccer/opponent-history/university-of-saint-joseph/215
Mitchell,Mitchell College,PrestoSports,None,None
St. Joseph's (Me.),Saint Joseph's College (Maine),PrestoSports,None,https://www.sjcme.edu/mens-soccer-team-ranked-23rd-nationally-8-regionally/highlights/
Dean College,Dean College,Sidearm,https://deanbulldogs.com/sports/womens-soccer,https://deanbulldogs.com/sports/mens-soccer
Elms,Elms College,PrestoSports,None,https://goecsaints.com/sports/mens-soccer/opponent-history/elms-college/3
Regis College,Regis College,PrestoSports,https://regisrangers.com/sports/womens-soccer,https://menssoccer.regissportsclinics.com/
Simmons,Simmons College,Sidearm,https://simmons.spirit.bncollege.com/simmons-university-sharks-womens-blue-simmons-university-sharks-soccer-t-shirt/t-2377333583+p-044910770645+z-9-1267207061,None
Colby-Sawyer,Colby-Sawyer College,Sidearm,https://www.colby-sawyerathletics.com/sports/womens-soccer,https://www.colby-sawyerathletics.com/sports/mens-soccer
New England Col.,New England College,Sidearm,https://athletics.une.edu/sports/womens-soccer,https://athletics.une.edu/sports/mens-soccer
Rivier,Rivier University,PrestoSports,None,None
Johnson & Wales (RI),Johnson and Wales University,Sidearm,https://charlotte.jwuathletics.com/sports/womens-soccer,https://norwichathletics.com/sports/mens-soccer/opponent-history/johnson-wales-university/1
Norwich,Norwich University,Sidearm,https://norwichathletics.com/sports/womens-soccer,https://goecsaints.com/sports/mens-soccer/opponent-history/norwich-university/67
Earlham,Earlham College,Sidearm,https://goearlham.com/sports/womens-soccer,https://goearlham.com/news/2024/8/31/mens-soccer-mens-soccer-draws-with-blackburn.aspx
Franklin,Franklin College,Sidearm,https://franklingrizzlies.com/sports/womens-soccer,https://franklingrizzlies.com/sports/mens-soccer
Hanover,Hanover College,Sidearm,https://athletics.hanover.edu/sports/womens-soccer,https://athletics.hanover.edu/sports/mens-soccer
Manchester,Manchester University,Sidearm,https://muspartans.com/sports/womens-soccer,https://mygift.manchester.edu/campaigns/manchester-university-mens-soccer-2024
Rose-Hulman,Rose-Hulman Institute of Technology,Sidearm,https://athletics.rose-hulman.edu/sports/womens-soccer,https://athletics.rose-hulman.edu/sports/mens-soccer
Transylvania,Transylvania University,Sidearm,None,None
Bluffton,Bluffton University,PrestoSports,https://www.blufftonwomenssoccercamps.com/,https://menssoccer.blufftonusportscamps.com/
Defiance,Defiance College,PrestoSports,None,https://adrianbulldogs.com/news/2024/8/30/mens-soccer-opens-2024-with-commanding-5-1-victory-over-defiance.aspx
Mount St. Joseph,Mount St. Joseph University,Sidearm,https://msjlions.com/sports/womens-soccer,https://msjlions.com/sports/mens-soccer
Goucher,Goucher College,PrestoSports,None,https://etownbluejays.com/sports/mens-soccer/opponent-history/goucher-college/91
Drew,Drew University,Sidearm,https://drewrangers.com/sports/womens-soccer,https://drewrangers.com/sports/mens-soccer
Elizabethtown,Elizabethtown College,Sidearm,https://etownbluejays.com/sports/womens-soccer,https://gomessiah.com/sports/mens-soccer/opponent-history/elizabethtown-college/6
Juniata,Juniata College,PrestoSports,None,https://www.juniata.edu/offices/conferences-events/camps-conferences/mens-soccer-ID.php
Lycoming,Lycoming College,Sidearm,https://lycomingathletics.com/sports/womens-soccer,https://ycpspartans.com/sports/mens-soccer/opponent-history/lycoming-college/141
Moravian,Moravian College,PrestoSports,None,https://www.moravian.edu/athletics-giving-challenge/mens-soccer
Scranton,University of Scranton,Sidearm,https://athletics.scranton.edu/sports/womens-soccer,https://athletics.scranton.edu/news/2024/9/1/corrs-late-winner-pushes-mens-soccer-past-muhlenberg-1-0.aspx
Susquehanna,Susquehanna University,Sidearm,https://suriverhawks.com/sports/womens-soccer,https://athletics.misericordia.edu/news/2024/8/30/susquehanna-mens-soccer-edges-mu-in-opener.aspx
Wilkes,Wilkes University,Sidearm,https://gowilkesu.com/sports/womens-soccer,https://gowilkesu.com/news/2024/8/29/mens-soccer-2024-wilkes-mens-soccer-season-preview.aspx
Catholic,Catholic University,Sidearm,https://catholicathletics.com/sports/womens-soccer,https://catholicathletics.com/sports/mens-soccer
Bard,Bard College,Sidearm,https://bardathletics.com/sports/womens-soccer,https://bardathletics.com/news/2024/8/29/2024-season-preview-mens-soccer.aspx
Clarkson,Clarkson University,Sidearm,https://clarksonathletics.com/sports/womens-soccer,https://www.clarksonathletics.com/sports/mens-soccer
Hobart,Hobart College,Sidearm,https://hwsathletics.com/sports/womens-soccer,https://hwsathletics.com/sports/mens-soccer
Ithaca,Ithaca College,Sidearm,https://athletics.ithaca.edu/sports/womens-soccer,https://athletics.ithaca.edu/sports/mens-soccer
Rensselaer,Rensselaer Polytechnic Institute,Sidearm,https://rpiathletics.com/sports/womens-soccer,https://gogryphons.com/sports/mens-soccer/stats/2024/rensselaer-polytechnic-institute/boxscore/5325
Rochester (NY),University of Rochester,Sidearm,https://uofrathletics.com/sports/womens-soccer,https://uofrathletics.com/sports/mens-soccer
Rochester Inst.,Rochester Institute of Technology,Sidearm,https://ritathletics.com/sports/womens-soccer,https://ritathletics.com/sports/mens-soccer
Skidmore,Skidmore College,Sidearm,https://skidmoreathletics.com/sports/womens-soccer,https://skidmoreathletics.com/news/2024/2/21/mens-soccer-skidmore-mens-soccer-id-clinics.aspx
St. Lawrence,St. Lawrence University,Sidearm,https://saintsathletics.com/sports/womens-soccer,https://saintsathletics.com/sports/mens-soccer
Union (NY),Union College (N.Y.),Sidearm,https://uuathletics.com/sports/womens-soccer,https://uuathletics.com/sports/mens-soccer
Vassar,Vassar College,Sidearm,https://www.vassarathletics.com/sports/womens-soccer,https://www.vassarathletics.com/sports/mens-soccer
Eastern Conn. St.,Eastern Connecticut State University,Sidearm,https://gowarriorathletics.com/sports/womens-soccer,https://gowarriorathletics.com/sports/mens-soccer
Western Conn. St.,Western Connecticut State University,Sidearm,https://westconnathletics.com/sports/womens-soccer,https://westconnathletics.com/sports/mens-soccer
Southern Me.,University of Southern Maine,Sidearm,https://usm.maine.edu/news/tag/womens-soccer/,https://usm.maine.edu/calendar-of-events/event/university-of-southern-maine-mens-soccer-at-university-of-maine-farmington/
Mass.-Boston,UMass Boston,Sidearm,https://beaconsathletics.com/sports/womens-soccer,https://beaconsathletics.com/sports/mens-soccer
Mass.-Dartmouth,UMass Dartmouth,Sidearm,https://corsairathletics.com/sports/womens-soccer,https://corsairathletics.com/sports/mens-soccer
Keene St.,Keene State College,Sidearm,https://keeneowls.com/sports/womens-soccer,https://keeneowls.com/sports/mens-soccer
Plymouth St.,Plymouth State University,Sidearm,https://athletics.plymouth.edu/sports/womens-soccer,https://athletics.plymouth.edu/sports/mens-soccer
Rhode Island Col.,Rhode Island College,Sidearm,https://friars.com/sports/womens-soccer,https://friars.com/sports/mens-soccer/archives
Castleton,Castleton University,Sidearm,https://castletonsports.com/sports/womens-soccer,https://www.castleton.edu/calendars/category/mens-soccer/2019-09/
Bridgewater St.,Bridgewater State University,PrestoSports,https://bridgewatereagles.com/sports/womens-soccer,https://bridgewatereagles.com/sports/mens-soccer/archives
Fitchburg St.,Fitchburg State University,PrestoSports,None,https://www.fitchburgstate.edu/campus-life/events/2024-10/mens-soccer-falcons-vs-mcla
Framingham St.,Framingham State University,PrestoSports,None,None
Mass-Liberal-Arts,Massachusetts College of Liberal Arts,PrestoSports,None,https://gocardinalsports.com/sports/mens-soccer/opponent-history/massachusetts-college-of-liberal-arts/98
Mass. Maritime,Massachusetts Maritime Academy,PrestoSports,None,https://maritimeathletics.com/sports/mens-soccer/opponent-history/massachusetts-maritime-academy/74
Salem St.,Salem State University,PrestoSports,https://salemtigers.com/sports/womens-soccer,https://salemtigers.com/sports/mens-soccer
Westfield St.,Westfield State University,PrestoSports,None,None
Worcester St.,Worcester State University,PrestoSports,None,None
Trine,Trine University,Sidearm,https://trinethunder.com/sports/womens-soccer,https://athletics.hope.edu/sports/mens-soccer/opponent-history/trine-university/266
Calvin,Calvin College,Sidearm,https://calvinknights.com/sports/womens-soccer,https://calvinknights.com/sports/mens-soccer
Hope,Hope College,Sidearm,https://hiuroyals.com/sports/womens-soccer,https://hopemenssoccer.ryzerevents.com/
Kalamazoo,Kalamazoo College,Sidearm,https://hornets.kzoo.edu/sports/womens-soccer/stats,https://hornets.kzoo.edu/sports/mens-soccer/archives
Olivet,Olivet College,PrestoSports,None,None
Stevens,Stevens Institute of Technology,Sidearm,https://stevensrec.com/sports/womens-soccer,https://stevensducks.com/sports/club-mens-soccer
Hood,Hood College,Sidearm,https://hoodathletics.com/sports/womens-soccer,https://www.hood.edu/hood-college-mens-soccer-program-campus-id-camp
Stevenson,Stevenson University,Sidearm,https://gomustangsports.com/sports/womens-soccer,https://gomustangsports.com/sports/mens-soccer
Eastern,Eastern University,Sidearm,https://goeasterneagles.com/sports/womens-soccer,https://gowarriorathletics.com/sports/mens-soccer
Messiah,Messiah College,Sidearm,https://gomessiah.com/sports/womens-soccer,https://www.messiah.edu/info/20477/mens_club_soccer
Widener,Widener University,Sidearm,https://www.widener.edu/profile/womens-soccer-club,https://www.widener.edu/profile/mens-soccer-club
York (PA),York College (Pa.),Sidearm,https://ycpspartans.com/sports/womens-soccer,https://yorkpanthers.com/sports/mens-soccer
FDU-Florham,"Fairleigh Dickinson Univ., Florham",Sidearm,https://fduknights.com/sports/womens-soccer,https://fduknights.com/sports/mens-soccer
DeSales,DeSales University,Sidearm,https://athletics.desales.edu/news/2024/9/1/womens-soccer-falls-to-swarthmore-5-0.aspx,https://athletics.desales.edu/sports/mens-soccer
Delaware Valley,Delaware Valley College,Sidearm,https://athletics.delval.edu/sports/womens-soccer,https://athletics.delval.edu/sports/mens-soccer
King's (PA),King's College,Sidearm,https://kingscollegeathletics.com/sports/womens-soccer,https://ukings.ca/campus-community/athletics/mens-soccer/
Lebanon Valley,Lebanon Valley College,Sidearm,https://godutchmen.com/sports/womens-soccer,https://godutchmen.com/sports/mens-soccer
Misericordia,Misericordia University,Sidearm,https://athletics.misericordia.edu/sports/womens-soccer,https://athletics.misericordia.edu/news/2024/8/30/susquehanna-mens-soccer-edges-mu-in-opener.aspx
Chicago,University of Chicago,Sidearm,https://athletics.uchicago.edu/news/2024/9/1/womens-soccer-dominates-at-alma.aspx,https://www.uchicagomenssoccercamps.com/
Illinois Col.,Illinois College,Sidearm,https://fightingillini.com/sports/womens-soccer/archives,https://www.swic.edu/students/services/student-life/athletics/mens-soccer/recruitment/
Knox,Knox College,Sidearm,https://prairiefire.knox.edu/sports/womens-soccer,https://prairiefire.knox.edu/sports/mens-soccer
Lake Forest,Lake Forest College,Sidearm,https://goforesters.com/sports/womens-soccer,https://www.lakeforest.edu/news-and-events/mens-soccer-vs-beloit-10621
Monmouth (IL),Monmouth College,Sidearm,https://monmouthhawks.com/sports/womens-soccer,https://monmouthhawks.com/sports/mens-soccer
Cornell College,Cornell College,Sidearm,https://cornellbigred.com/sports/womens-soccer/stats,https://cornellbigred.com/sports/mens-soccer
Grinnell,Grinnell College,Sidearm,https://kohawkathletics.com/sports/womens-soccer/stats/2024/grinnell-college/boxscore/9918,https://pioneers.grinnell.edu/news/2024/8/30/mens-soccer-gc-mens-soccer-team-appears-poised-for-another-thrilling-season.aspx
Beloit,Beloit College,Sidearm,https://beloitcollegeathletics.com/sports/womens-soccer,https://beloitcollegeathletics.com/sports/mens-soccer
Lawrence,Lawrence University,Sidearm,https://vikings.lawrence.edu/sports/womens-soccer,https://saintsathletics.com/sports/mens-soccer
Ripon,Ripon College,Sidearm,https://riponredhawks.com/sports/womens-soccer,https://riponredhawks.com/sports/mens-soccer
Augsburg,Augsburg University,Sidearm,https://athletics.augsburg.edu/sports/womens-soccer,https://augsburg.spirit.bncollege.com/augsburg-auggies-mens-gray-augsburg-university-soccer-name-drop-t-shirt/t-3499996113+p-604920987161+z-9-2116030259
Bethel (MN),Bethel University,Sidearm,https://bethelthreshers.com/sports/womens-soccer,https://bethelthreshers.com/sports/mens-soccer
Carleton,Carleton College,Sidearm,https://goravens.ca/teams/womens-soccer/,https://northcentralcardinals.com/sports/mens-soccer/opponent-history/carleton-college/57
Concordia-M'head,Concordia College-Moorhead,PrestoSports,https://cspbears.com/sports/womens-soccer/archives,https://www.cobbermenssoccercamps.com/
Gust. Adolphus,Gustavus Adolphus College,Sidearm,https://gogusties.com/sports/womens-soccer,https://goforesters.com/sports/mens-soccer/opponent-history/gustavus-adolphus-college/33
Hamline,Hamline University,Sidearm,https://hamlineathletics.com/sports/womens-soccer,https://menssoccer.hamlinesportscamps.com/
Macalester,Macalester College,Sidearm,https://athletics.macalester.edu/sports/womens-soccer,https://athletics.macalester.edu/news/2024/6/24/mens-soccer-mens-soccer-macalester-kicks-off-2024-campaign-aug-30.aspx
Saint Mary's (Minn.),Saint Mary's University (Minn.),Sidearm,https://saintmaryssports.com/sports/womens-soccer,https://mountathletics.com/sports/mens-soccer
St. John's (MN),St. John's University (Minn.),Sidearm,https://redstormsports.com/sports/womens-soccer?path=wsoc,https://redstormsports.com/sports/mens-soccer
St. Olaf,St. Olaf College,Sidearm,https://athletics.stolaf.edu/sports/womens-soccer,https://athletics.uchicago.edu/news/2024/9/1/-7-mens-soccer-knocks-off-top-ranked-st-olaf.aspx
St. Scholastica,College of St. Scholastica,Sidearm,https://uwlathletics.com/sports/womens-soccer/stats/2024/college-of-st-scholastica-minn-/boxscore/7651,https://csssaints.com/sports/mens-soccer
Saint-Mary's (IN),Saint Mary's College (IN),Sidearm,https://smcmathletics.com/sports/womens-soccer/archives,https://rattlerathletics.com/sports/mens-soccer
St. Catherine,St. Catherine University,Sidearm,https://uskathletics.com/sports/womens-soccer,None
William Smith,William Smith College,Sidearm,https://hwsathletics.com/sports/womens-soccer,https://hwsathletics.com/sports/mens-soccer
Meredith,Meredith College,Sidearm,https://goavengingangels.com/sports/womens-soccer/stats,None
Salem,Salem College,Sidearm,https://salemspirits.com/sports/womens-soccer/archives,https://salemtigers.com/sports/mens-soccer
Bay Path,Bay Path University,PrestoSports,https://nicholsathletics.com/sports/womens-soccer/opponent-history/bay-path-university/30,None
Gallaudet,Gallaudet University,Sidearm,https://gallaudetbison.com/sports/womens-soccer,https://gallaudet.edu/mens-soccer-vs-alfred-st/
Trinity Washington,Trinity Washington University,Sidearm,https://lulions.com/sports/womens-soccer/opponent-history/trinity-washington-university/208,None
Mt. Mary,Mount Mary College,PrestoSports,https://mountmartyathletics.com/sports/womens-soccer,https://mountmartyathletics.com/sports/mens-soccer
Connecticut Col.,Connecticut College,Sidearm,https://camelathletics.com/sports/womens-soccer,https://athletics.amherst.edu/news/2023/10/3/mens-soccer-no-21-conn-coll-edges-22-mammoths-with-goal-in-closing-minutes-3-2.aspx
Trinity (CT),Trinity College (CT),Sidearm,https://bantamsports.com/sports/womens-soccer,https://www.trincoll.edu/bicentennial/stories/mens-soccer/
Wesleyan (CT),Wesleyan University,Sidearm,https://nwusports.com/sports/womens-soccer,https://swuathletics.com/sports/mens-soccer
Bates,Bates College,Sidearm,https://gobatesbobcats.com/sports/womens-soccer,https://gobatesbobcats.com/sports/mens-soccer
Bowdoin,Bowdoin College,Sidearm,https://athletics.bowdoin.edu/sports/womens-soccer,https://colbyathletics.com/sports/mens-soccer/opponent-history/bowdoin-college/1
Colby,Colby College,Sidearm,https://colbyathletics.com/sports/womens-soccer,https://colbyathletics.com/sports/mens-soccer
Tufts,Tufts University,Sidearm,https://gotuftsjumbos.com/sports/womens-soccer,https://gotuftsjumbos.com/sports/mens-soccer
Williams,Williams College,Sidearm,https://ephsports.williams.edu/sports/womens-soccer,https://ephsports.williams.edu/sports/mens-soccer
Hamilton,Hamilton College,Sidearm,https://athletics.hamilton.edu/sports/womens-soccer,https://athletics.bowdoin.edu/sports/mens-soccer/opponent-history/hamilton-college/73
Middlebury,Middlebury College,Sidearm,None,None
Coast Guard,U.S. Coast Guard Academy,Sidearm,https://coastguardathletics.com/sports/womens-soccer,https://coastguardathletics.com/sports/mens-soccer
Babson,Babson College,Sidearm,https://babsonathletics.com/sports/womens-soccer,https://babsonathletics.com/sports/mens-soccer
Clark (MA),Clark University,Sidearm,https://clarkpenguins.com/sports/womens-soccer,https://clarkpenguins.com/sports/mens-soccer
Emerson,Emerson College,Sidearm,https://emersonlions.com/sports/womens-soccer,https://emersonlions.com/sports/mens-soccer
MIT,MIT,Sidearm,https://mitathletics.com/sports/womens-soccer,https://mitathletics.com/sports/mens-soccer
Springfield,Springfield College,Sidearm,https://springfieldcollegepride.com/sports/womens-soccer,https://springfieldcollegepride.com/sports/mens-soccer
WPI,Worcester Polytechnic Institute,Sidearm,https://athletics.wpi.edu/sports/womens-soccer,https://brandeisjudges.com/sports/mens-soccer/opponent-history/wpi/142
Wheaton (MA),Wheaton College (Mass.),Sidearm,https://athletics.wheaton.edu/sports/womens-soccer,https://athletics.wheaton.edu/sports/mens-soccer
Salve Regina,Salve Regina University,Sidearm,https://salveathletics.com/sports/womens-soccer,https://salveathletics.com/sports/mens-soccer
Kean,Kean University,Sidearm,https://keanathletics.com/sports/womens-soccer,https://keanathletics.com/news/2024/8/30/mens-soccer-mens-soccer-blanks-hunter-in-season-opener-munoz-notches-first-career-coaching-victory.aspx
Montclair St.,Montclair State University,Sidearm,https://montclairathletics.com/sports/womens-soccer,https://www.montclair.edu/campus-recreation/mens-soccer/
New Jersey City,New Jersey City University,Sidearm,https://njcugothicknights.com/sports/womens-soccer,https://rutgersnewarkathletics.com/sports/mens-soccer/opponent-history/new-jersey-city-university/6
Ramapo,Ramapo College,Sidearm,https://ramapoathletics.com/sports/womens-soccer,https://ramapoathletics.com/sports/mens-soccer
Rowan,Rowan University,Sidearm,https://www.rowanathletics.com/sports/womens-soccer,https://www.rowanathletics.com/sports/mens-soccer
Rutgers-Camden,"Rutgers University, Camden",Sidearm,https://scarletraptors.com/sports/womens-soccer,https://scarletraptors.com/sports/mens-soccer
Rutgers-Newark,"Rutgers University, Newark",Sidearm,https://scarletknights.com/sports/womens-soccer,https://scarletknights.com/sports/mens-soccer/stats
Stockton,Stockton University,Sidearm,https://stocktonathletics.com/sports/womens-soccer,https://keanathletics.com/sports/mens-soccer/opponent-history/stockton-university/224
TCNJ,The College of New Jersey,Sidearm,https://tcnjathletics.com/sports/womens-soccer,http://www.tcnjsportscamps.com/mens-soccer/
William Paterson,William Paterson University,Sidearm,https://www.wpupioneers.com/sports/womens-soccer,https://njcugothicknights.com/sports/mens-soccer/opponent-history/william-paterson-university/8
Husson,Husson University,Sidearm,https://hussoneagles.com/sports/womens-soccer,https://hussoneagles.com/sports/mens-soccer
Maine Maritime,Maine Maritime Academy,Sidearm,https://marinersports.org/sports/womens-soccer,https://athletics.bowdoin.edu/sports/mens-soccer/opponent-history/maine-maritime-academy/74
Me.-Farmington,"University of Maine, Farmington",Sidearm,https://goumfbeavers.com/sports/womens-soccer,https://goumfbeavers.com/sports/mens-soccer
Me.-Presque Isle,University of Maine at Presque Isle,Sidearm,https://owls.umpi.edu/news/2024/9/1/womens-soccer-owls-start-off-2024-season-on-a-great-foot.aspx,https://owls.umpi.edu/sports/mens-soccer
Thomas (ME),Thomas College,Sidearm,https://athletics.thomas.edu/sports/womens-soccer,https://goumfbeavers.com/sports/mens-soccer/opponent-history/thomas-college/125
Eastern Nazarene,Eastern Nazarene College,PrestoSports,None,None
Lesley,Lesley University,PrestoSports,None,None
Cazenovia,Cazenovia College,Sidearm,None,https://oneontaathletics.com/sports/mens-soccer/opponent-history/cazenovia-college/289
SUNY Canton,SUNY Canton,Sidearm,https://rooathletics.com/sports/womens-soccer,https://athletics.elmira.edu/sports/mens-soccer/opponent-history/suny-canton/44
SUNY Poly,SUNY Polytechnic Institute,PrestoSports,None,None
Suny-Cobleskill,"SUNY, Cobleskill",Sidearm,https://athletics.elmira.edu/sports/womens-soccer/opponent-history/suny-cobleskill/260,https://westfield.presence.io/event/mens-soccer-v-suny-cobleskill
Johnson St.,Johnson State College,PrestoSports,https://vtsuhornets.com/sports/womens-soccer,https://vtsuhornets.com/sports/mens-soccer
Lyndon St.,Lyndon State College,Sidearm,https://vtsuhornets.com/sports/womens-soccer,https://castletonsports.com/sports/mens-soccer/opponent-history/vermont-state-university-lyndon/104
DePauw,DePauw University,Sidearm,https://depauwtigers.com/sports/womens-soccer,https://depauwtigers.com/news/2024/9/1/mens-soccer-tigers-shutout-mountaineers-in-5-0-home-opener.aspx
Wabash,Wabash College,Sidearm,None,https://depauwtigers.com/sports/mens-soccer/opponent-history/wabash-college/215
Denison,Denison University,Sidearm,https://denisonbigred.com/sports/womens-soccer,https://denisonbigred.com/sports/mens-soccer
Hiram,Hiram College,Sidearm,https://hiramterriers.com/sports/womens-soccer,https://hiramterriers.com/sports/mens-soccer
Kenyon,Kenyon College,Sidearm,https://athletics.kenyon.edu/news/2024/6/10/womens-soccer-bryan-resigns-from-womens-soccer-post.aspx,https://denisonbigred.com/sports/mens-soccer/opponent-history/kenyon-college/62
Oberlin,Oberlin College,Sidearm,https://goyeo.com/sports/womens-soccer,https://jcusports.com/news/2024/8/30/mens-soccer-match-preview-john-carroll-university-vs-oberlin-college.aspx
Ohio Wesleyan,Ohio Wesleyan University,Sidearm,https://prideofthebishops.owu.edu/?sports=womens-soccer,https://athletics.wesleyan.edu/sports/mens-soccer/opponent-history/ohio-wesleyan-university/358
Wittenberg,Wittenberg University,PrestoSports,None,None
Wooster,College of Wooster,PrestoSports,None,https://woostermenssoccercamp.com/
Aurora,Aurora University,Sidearm,https://athletics.aurora.edu/sports/womens-soccer,https://niuhuskies.com/sports/mens-soccer/opponent-history/aurora-university/6
Benedictine (IL),Benedictine University,Sidearm,https://benuredhawks.com/sports/womens-soccer,https://benuredhawks.com/sports/mens-soccer
Concordia Chicago,Concordia University Chicago,Sidearm,https://www.cucougars.com/sports/womens-soccer,https://www.cucougars.com/sports/mens-soccer
Dominican (IL),Dominican University (Ill.),Sidearm,https://dustars.com/sports/womens-soccer,https://dustars.com/sports/mens-soccer
Illinois Tech,Illinois Tech,Sidearm,https://illinoistechathletics.com/sports/womens-soccer,https://illinoistechathletics.com/sports/mens-soccer
Rockford,Rockford University,Sidearm,https://rockfordregents.com/sports/womens-soccer,https://rockfordregents.com/sports/2021/5/28/mens-soccer-recruit-form.aspx
Concordia (Wis.),Concordia University Wisconsin,PrestoSports,None,None
Edgewood,Edgewood College,Sidearm,https://edgewoodcollegeeagles.com/sports/womens-soccer,https://edgewoodcollegeeagles.com/sports/mens-soccer
Lakeland,Lakeland College,Sidearm,https://lakelandmuskies.com/sports/womens-soccer,https://lakelandmuskies.com/sports/mens-soccer
Marian (WI),Marian University,Sidearm,https://sabreathletics.com/sports/womens-soccer,https://sabreathletics.com/sports/mens-soccer/archives
Milwaukee Engr.,Milwaukee School of Engineering,Sidearm,https://msoeraiders.com/sports/womens-soccer,https://msoeraiders.com/sports/mens-soccer
St. Norbert,St. Norbert College,Sidearm,https://athletics.snc.edu/sports/womens-soccer,https://calvinknights.com/sports/mens-soccer/opponent-history/st-norbert-college/223
Wis. Lutheran,Wisconsin Lutheran College,Sidearm,https://wlcsports.com/sports/womens-soccer,https://wlcsports.com/sports/mens-soccer
George Fox,George Fox University,Sidearm,https://athletics.georgefox.edu/sports/womens-soccer,https://digitalcommons.georgefox.edu/athletics_mensoccer/
Lewis & Clark,Lewis & Clark College,None,None,None
Linfield,Linfield College,Sidearm,https://golinfieldwildcats.com/sports/womens-soccer,https://www.linfieldsoccercamps.com/mens-soccer-camps.cfm
Pacific (OR),Pacific University,Sidearm,https://pacifictigers.com/sports/womens-soccer/stats/,https://pacifictigers.com/sports/mens-soccer
Willamette,Willamette University,PrestoSports,None,None
Pacific Lutheran,Pacific Lutheran University,Sidearm,https://golutes.com/sports/womens-soccer,https://calendar.plu.edu/event/pacific-lutheran-university-mens-soccer-vs-george-fox-university
Puget Sound,University of Puget Sound,Sidearm,https://loggerathletics.com/sports/womens-soccer,https://gohuskies.com/sports/mens-soccer/opponent-history/university-of-puget-sound/394
Whitman,Whitman College,Sidearm,https://athletics.whitman.edu/sports/womens-soccer,https://mens.whitmansoccercamps.com/
Whitworth,Whitworth University,Sidearm,https://publicforms.whitworth.edu/athletics/womens-soccer-registration/,https://loggerathletics.com/sports/mens-soccer/opponent-history/whitworth-university/81
Baldwin Wallace,Baldwin Wallace University,Sidearm,https://bwyellowjackets.com/sports/womens-soccer,https://bwyellowjackets.com/sports/mens-soccer
Capital,Capital University,Sidearm,https://athletics.capital.edu/sports/womens-soccer,https://discovercollegesoccer.com/capital-university-mens-soccer-coach-corey-kirk/
Heidelberg,Heidelberg University,Sidearm,https://www.bergathletics.com/sports/womens-soccer,https://bergathletics.com/sports/mens-soccer
John Carroll,John Carroll University,Sidearm,https://jcusports.com/sports/womens-soccer,https://athletics.kenyon.edu/sports/mens-soccer/stats/2024/john-carroll-university/boxscore/7372
Marietta,Marietta College,Sidearm,https://pioneers.marietta.edu/sports/womens-soccer/archives,https://pioneers.marietta.edu/sports/mens-soccer
Mount Union,Mount Union College,Sidearm,https://athletics.mountunion.edu/sports/womens-soccer,https://athletics.mountunion.edu/news/2024/5/29/mens-soccer-mount-union-to-host-summer-id-camp-july-21.aspx
Muskingum,Muskingum University,PrestoSports,None,https://menssoccer.fightingmuskiescamps.com/
Ohio Northern,Ohio Northern University,PrestoSports,None,None
Otterbein,Otterbein University,Sidearm,https://www.otterbeinwomenssoccer.com/,https://www.otterbein.edu/news/mens-soccer-wins-ohio-athletic-conference-regular-season-outright/
Wilmington (OH),Wilmington College,Sidearm,https://wilmingtonquakers.com/sports/womens-soccer,https://wilmingtonquakers.com/sports/mens-soccer
Guilford,Guilford College,Sidearm,https://guilfordquakers.com/sports/womens-soccer,https://www.ferrum.edu/event/mens-soccer-at-guilford-college/
Averett,Averett University,Sidearm,https://averettcougars.com/sports/womens-soccer,https://www.averett.edu/event/averett-university-mens-soccer-vs-william-peace-university/
Bridgewater (VA),Bridgewater College,Sidearm,https://www.rmc.edu/event/randolph-macon-college-womens-soccer-at-bridgewater-college/,https://bridgewatereagles.com/sports/mens-soccer
East. Mennonite,Eastern Mennonite University,Sidearm,https://emuroyals.com/sports/womens-soccer,https://randolphwildcats.com/sports/mens-soccer/opponent-history/eastern-mennonite-university/18
Ferrum,Ferrum College,Sidearm,https://ferrumpanthers.com/sports/womens-soccer,https://ferrumpanthers.com/news/2024/8/30/mens-soccer-ferrum-men-dominate-in-opening-day-victory.aspx
Hampden-Sydney,Hampden-Sydney College,Sidearm,None,https://hscathletics.com/sports/mens-soccer
Lynchburg,University of Lynchburg,Sidearm,https://lynchburgsports.com/sports/womens-soccer,https://lynchburgsports.com/sports/2023/10/2/register-for-lynchburg-mens-soccers-2024-summer-id-camp.aspx
Randolph,Randolph College,Sidearm,https://randolphwildcats.com/sports/womens-soccer,https://randolphwildcats.com/sports/mens-soccer
Randolph-Macon,Randolph-Macon College,Sidearm,https://rmcathletics.com/sports/womens-soccer,https://www.rmc.edu/event/randolph-macon-college-mens-soccer-at-virginia-wesleyan-university/
Roanoke,Roanoke College,Sidearm,https://roanokemaroons.com/sports/womens-soccer,https://roanokemaroons.com/sports/mens-soccer
Shenandoah,Shenandoah University,Sidearm,https://suhornets.com/sports/womens-soccer,https://www.suhornetsmenssoccercamps.com/
Virg-Wesleyan,Virginia Wesleyan College,Sidearm,https://wesleyanbobcats.com/sports/womens-soccer,https://wesleyanbobcats.com/sports/mens-soccer
Wash. & Lee,Washington and Lee University,Sidearm,https://generalssports.com/sports/womens-soccer,https://gopetrels.com/sports/mens-soccer/opponent-history/washington-and-lee-university/4
Franciscan,Franciscan Univ. of Steubenville,Sidearm,https://franciscanathletics.com/sports/womens-soccer,https://franciscanathletics.com/sports/mens-soccer
Chatham,Chatham University,Sidearm,https://gochathamcougars.com/sports/womens-soccer,https://gochathamcougars.com/sports/mens-soccer
Geneva,Geneva College,Sidearm,https://athletics.geneva.edu/sports/womens-soccer,https://menssoccer.genevasportscamps.com/
Grove City,Grove City College,Sidearm,https://athletics.gcc.edu/sports/womens-soccer,https://athletics.gcc.edu/sports/mens-soccer
St. Vincent,Saint Vincent College,Sidearm,https://umsvathletics.com/sports/womens-soccer,https://umsvathletics.com/sports/mens-soccer/archives
Thiel,Thiel College,Sidearm,https://thielathletics.com/sports/womens-soccer/archives,https://thielathletics.com/sports/mens-soccer
Wash. & Jeff.,Washington and Jefferson College,Sidearm,https://gopresidents.com/sports/womens-soccer,https://www.washjeff.edu/event/washington-jefferson-college-mens-soccer-at-westminster/
Waynesburg,Waynesburg University,Sidearm,https://waynesburgsports.com/sports/womens-soccer,https://waynesburgsports.com/news/2024/8/26/mens-soccer-season-preview-2024-mens-soccer.aspx
Westminster (PA),Westminster College (Pa.),Sidearm,https://westminstergriffins.com/sports/womens-soccer/archives,https://westminstergriffins.com/sports/mens-soccer
Bethany (WV),Bethany College,PrestoSports,https://blcvikings.com/sports/womens-soccer,https://www.bethanywv.edu/matt-wolf-tabbed-head-coach-of-bethany-mens-soccer/
Farmingdale St.,Farmingdale State College,Sidearm,https://farmingdalesports.com/sports/womens-soccer,https://farmingdalesports.com/news/2024/8/31/mens-soccer-vs-eastern-connecticut.aspx
Manhattanville,Manhattanville College,Sidearm,https://govaliants.com/sports/womens-soccer,https://govaliants.com/sports/mens-soccer
Merchant Marine,U.S. Merchant Marine Academy,Sidearm,None,None
Mt. St. Mary (NY),Mount Saint Mary College,Sidearm,https://mountathletics.com/sports/womens-soccer,https://mountathletics.com/sports/mens-soccer/archives
Mt. St. Vincent,University of Mount Saint Vincent,Sidearm,https://umsvathletics.com/sports/womens-soccer/archives,https://umsvathletics.com/sports/mens-soccer
Purchase,Purchase College-SUNY,Sidearm,https://www.purchasecollegeathletics.com/sports/womens-soccer,https://www.purchasecollegeathletics.com/sports/mens-soccer
SUNY Maritime,SUNY Maritime College,Sidearm,https://maritimeathletics.com/sports/womens-soccer,https://sunymaritime.edu/news-events/mens-soccer-named-skyline-conference-champions
Sarah Lawrence,Sarah Lawrence College,Sidearm,https://gogryphons.com/sports/womens-soccer,https://gogryphons.com/sports/mens-soccer
St. Joseph's (Brkln),"St. Joseph's University, New York (Brooklyn)",Sidearm,https://sjbkathletics.com/sports/womens-soccer,https://www.brooklyncollegeathletics.com/sports/mens-soccer/stats/2024/st-josephs-university-brooklyn/boxscore/5623
St. Joseph's (L.I.),St. Joseph's University (Long Island),Sidearm,https://sjliathletics.com/sports/womens-soccer,https://bvmsports.com/ncaa/st-josephs-long-island-ny/mens-soccer/
Suny-Old-Westbury,"SUNY, Old Westbury",Sidearm,https://www.oldwestburypanthers.com/sports/womens-soccer,https://www.oldwestburypanthers.com/sports/mens-soccer
Yeshiva,Yeshiva University,Sidearm,https://yumacs.com/sports/womens-soccer,https://msmcknights.com/sports/mens-soccer/opponent-history/yeshiva-university/8
Emory & Henry,Emory and Henry College,PrestoSports,None,None
Birmingham-So.,Birmingham-Southern College,Sidearm,https://bscsports.net/sports/womens-soccer,https://bscsports.net/sports/mens-soccer
Hendrix,Hendrix College,Sidearm,https://www.hendrixsoccercamps.com/womens-college-id-camp.cfm,https://hendrixwarriors.com/sports/mens-soccer
Berry,Berry College,Sidearm,https://www.berryvikings.com/sports/womens-soccer,https://www.berrysoccercamps.com/berry-mens-soccer-id-camp.cfm
Oglethorpe,Oglethorpe University,Sidearm,https://roanokemaroons.com/sports/womens-soccer/stats/2024/oglethorpe-university/boxscore/8869,https://gopetrels.com/sports/mens-soccer
Centre,Centre College,Sidearm,https://centrecolonels.com/sports/womens-soccer,https://cal.berry.edu/event/berry_college_mens_soccer_at_centre_college
Millsaps,Millsaps College,Sidearm,https://gomajors.com/sports/womens-soccer,https://blazers.belhaven.edu/sports/mens-soccer/opponent-history/millsaps-college/2
Rhodes,Rhodes College,Sidearm,https://rhodeslynx.com/sports/womens-soccer,https://rhodeslynx.com/sports/mens-soccer
Sewanee,The University of the South,Sidearm,https://sewaneetigers.com/sports/womens-soccer,https://sewaneetigers.com/sports/mens-soccer
Cal Lutheran,California Lutheran University,Sidearm,https://clusports.com/sports/womens-soccer,https://clusports.com/sports/mens-soccer
Caltech,California Institute of Technology,Sidearm,https://gocaltech.com/sports/womens-soccer,https://gocaltech.com/sports/mens-soccer
Chapman,Chapman University,Sidearm,https://athletics.chapman.edu/sports/womens-soccer,https://athletics.chapman.edu/sports/mens-soccer
Claremont-M-S,Claremont-Mudd-Scripps Colleges,Sidearm,https://cmsathletics.org/sports/womens-soccer,http://tsl.news/category/sports/claremontmuddscripps/cmsmenssoccer/
La Verne,University of La Verne,Sidearm,https://leopardathletics.com/sports/womens-soccer,https://leopardathletics.com/sports/mens-soccer
Occidental,Occidental College,Sidearm,https://oxyathletics.com/sports/womens-soccer,https://oxyathletics.com/sports/mens-soccer
Pomona-Pitzer,Pomona-Pitzer Colleges,Sidearm,https://sagehens.com/sports/womens-soccer,https://sagehens.com/sports/mens-soccer
Redlands,University of Redlands,Sidearm,https://goredlands.com/sports/womens-soccer,https://www.redlands.edu/news-events-social/news/news-landing-page/2016-news/november/ur-mens-soccer-nabs-sciac-championship/
Whittier,Whittier College,Sidearm,https://wcpoets.com/sports/womens-soccer,https://wcpoets.com/sports/mens-soccer
Colorado Col.,Colorado College,Sidearm,https://uncbears.com/sports/womens-soccer/stats,https://cctigers.com/sports/mens-soccer
Centenary (LA),Centenary College of Louisiana,PrestoSports,https://centenarycyclones.com/sports/womens-soccer,https://centenarycyclones.com/sports/mens-soccer/archives
Austin,Austin College,PrestoSports,None,None
Dallas,University of Dallas,PrestoSports,None,None
Schreiner,Schreiner University,PrestoSports,None,None
Southwestern (TX),Southwestern University,Sidearm,https://buildersports.com/sports/womens-soccer,https://hendrixwarriors.com/sports/mens-soccer/stats/2024/southwestern-university/boxscore/6187
St. Thomas Houston,St. Thomas Houston,PrestoSports,None,https://news.stthom.edu/celt-mens-soccer-adds-ramirez-as-head-coach/
Texas Lutheran,Texas Lutheran University,PrestoSports,None,None
Trinity (TX),Trinity University (Texas),Sidearm,https://trinitytigers.com/sports/womens-soccer,https://trinitytigers.com/sports/mens-soccer
Lyon College,Lyon College,Sidearm,https://lyonscots.com/sports/womens-soccer,https://lyonscots.com/news/2024/8/30/mens-soccer-lyon-college-mens-soccer-drops-1-0-decision-to-mcmurry.aspx
Blackburn,Blackburn College,PrestoSports,None,None
Eureka,Eureka College,PrestoSports,None,None
Greenville,Greenville University,PrestoSports,None,None
Principia,Principia College,Sidearm,https://principiaathletics.com/sports/womens-soccer,https://nwusports.com/news/2024/8/31/mens-soccer-finds-success-against-principia-college-5-0.aspx
Spalding,Spalding University,Sidearm,https://athletics.hanover.edu/sports/womens-soccer/opponent-history/spalding-university-ky-/94,https://spaldingathletics.com/sports/mens-soccer
Fontbonne,Fontbonne University,PrestoSports,https://www.fontbonne.edu/mens-womens-soccer-teams-advance-sliac-tournaments/,None
Webster,Webster University,Sidearm,https://websterathletics.com/sports/womens-soccer,https://websterathletics.com/news/2024/9/1/mens-soccer-mens-soccer-drop-season-opener-to-umsl.aspx
Westminster (MO),Westminster College (Mo.),PrestoSports,https://news.wcmo.edu/tag/womens-soccer/,https://news.wcmo.edu/tag/mens-soccer/
Brockport,College at Brockport,Sidearm,https://gobrockport.com/sports/womens-soccer,https://gobrockport.com/sports/mens-soccer
Buffalo St.,Buffalo State College,Sidearm,https://buffalostateathletics.com/sports/womens-soccer,https://buffalostateathletics.com/sports/mens-soccer
Fredonia,SUNY at Fredonia,Sidearm,https://fredoniabluedevils.com/sports/womens-soccer,https://fredoniabluedevils.com/sports/mens-soccer
Plattsburgh State,Plattsburgh State University,Sidearm,https://gocardinalsports.com/sports/womens-soccer,https://www.mynbc5.com/article/suny-plattsburgh-mens-soccer-opens-season-with-two-6-0-shutout-wins/62025394
SUNY Cortland,"SUNY, Cortland",Sidearm,https://www.cortlandreddragons.com/sports/womens-soccer,https://www.cortlandreddragons.com/sports/mens-soccer
SUNY Geneseo,"SUNY, Geneseo",Sidearm,https://events.geneseo.edu/group/womens_soccer,https://saintsathletics.com/news/2024/8/30/mens-soccer-falls-2-0-in-season-opener-to-suny-geneseo.aspx
SUNY New Paltz,SUNY New Paltz,Sidearm,https://sunynewpaltzwomenssoccercamps.totalcamps.com/,https://nphawks.com/sports/mens-soccer
SUNY Oneonta,SUNY Oneonta,Sidearm,https://oneontaathletics.com/sports/womens-soccer,https://unionathletics.com/news/2024/8/30/mens-soccer-union-opens-season-with-1-0-loss-at-25-suny-oneonta
SUNY Potsdam,"SUNY, Potsdam",Sidearm,https://potsdambears.com/sports/womens-soccer,https://www.potsdam.edu/events/mens-soccer-vs-suny-delhi-0
Suny-Oswego,"SUNY, Oswego",Sidearm,https://oswegolakers.com/sports/womens-soccer,https://oswegolakers.com/sports/mens-soccer
Berea College,Berea College,Sidearm,https://bereaathletics.com/sports/womens-soccer,https://athletics.hanover.edu/sports/mens-soccer/opponent-history/berea-college-ky-/16
Mary Baldwin,Mary Baldwin University,Sidearm,https://marybaldwinathletics.com/news/2024/9/1/womens-soccer-gets-stronger-as-game-progresses-but-drops-1-0-decision-at-wilson-sunday.aspx,https://marybaldwinathletics.com/sports/mens-soccer
Brevard,Brevard College,Sidearm,https://bctornados.com/sports/womens-soccer,https://brevard.edu/mens-soccer-concludes-historic-season-at-ncaa-division-iii-national-championships/
Greensboro,Greensboro College,Sidearm,https://greensborocollegewomenssoccercamps.totalcamps.com/,https://uncgspartans.com/sports/mens-soccer
Methodist,Methodist University,Sidearm,https://mumonarchs.com/sports/womens-soccer,https://smumustangs.com/sports/mens-soccer
North Carolina Wesleyan,North Carolina Wesleyan College,Sidearm,https://ncwsports.com/sports/womens-soccer,https://rmcathletics.com/news/2024/9/1/braithwaites-nine-saves-propels-mens-soccer-over-north-carolina-wesleyan.aspx
Pfeiffer,Pfeiffer University,Sidearm,https://gofalconsports.com/sports/womens-soccer,https://gofalconsports.com/sports/mens-soccer
Southern Virginia,Southern Virginia University,Sidearm,https://knightathletics.com/sports/womens-soccer,https://svu.edu/calendar/southern-virginia-university-mens-soccer-vs-pfeiffer/
Notre Dame (MD),Notre Dame of Maryland University,Sidearm,https://notredamegators.com/sports/womens-soccer,https://notredamegators.com/news/2024/9/1/mens-soccer-drops-hard-fought-home-opener.aspx
Saint-Mary's (MD),St. Mary's College (MD),Sidearm,https://smcmathletics.com/sports/womens-soccer,https://mountathletics.com/sports/mens-soccer
St. Elizabeth,College of Saint Elizabeth,Sidearm,https://seueagles.com/sports/womens-soccer,https://seueagles.com/sports/mens-soccer
Bryn Athyn,Bryn Athyn College,Sidearm,https://brynathynathletics.com/sports/womens-soccer,https://brynathynathletics.com/sports/mens-soccer
Cairn,Cairn University,Sidearm,https://cairn.edu/womens-soccer-summer-id-camp/,https://www.cairnhighlanders.com/sports/mens-soccer
Clarks Summit University,Clarks Summit University,Sidearm,https://gocsudefenders.com/sports/womens-soccer,https://gocsudefenders.com/sports/mens-soccer
Keystone,Keystone College,Sidearm,https://www.gokcgiants.com/sports/womens-soccer,https://www.gokcgiants.com/sports/mens-soccer
Lancaster Bible,Lancaster Bible College,Sidearm,https://lbcchargers.com/sports/womens-soccer,https://lbcchargers.com/sports/mens-soccer
Penn College,Penn College of Technology,Sidearm,https://www.pct.edu/news/article/2024/08/27/penn-college-spotlight-on-womens-soccer,https://www.pct.edu/news/article/2024/08/26/penn-college-spotlight-on-mens-soccer
Penn St.-Abington,Penn State Abington,Sidearm,https://abingtonsports.com/sports/womens-soccer,https://swarthmoreathletics.com/sports/mens-soccer/stats/2024/penn-state-abington/boxscore/29996
Penn St.-Berks,Penn State Berks College,Sidearm,https://berks.psu.edu/feature/womens-soccer-wins-fifth-straight-neac-title,https://ursinusathletics.com/news/2024/9/1/luehrs-scores-four-goals-as-mens-soccer-shutouts-penn-state-berks.aspx
Penn St.-Harrisburg,Penn State Harrisburg,PrestoSports,None,https://marybaldwinathletics.com/news/2024/9/1/mens-soccer-falls-at-penn-state-harrisburg-6-0.aspx
Rosemont,Rosemont College,Sidearm,https://rosemont-ravens.com/sports/womens-soccer,https://www.cnusports.com/sports/mens-soccer/stats/2024/rosemont-college/boxscore/15459
Valley Forge,University of Valley Forge,Sidearm,https://uvfpatriots.com/sports/womens-soccer,https://wilsonphoenix.com/sports/mens-soccer/stats/2023/university-of-valley-forge/boxscore/3106
Wilson,Wilson College,Sidearm,https://warrenwilsonowls.com/sports/womens-soccer,https://lindseyathletics.com/sports/mens-soccer
Emory,Emory University,Sidearm,https://emoryathletics.com/sports/womens-soccer,https://emoryathletics.com/sports/mens-soccer/archives
Brandeis,Brandeis University,Sidearm,https://brandeisjudges.com/sports/womens-soccer,https://brandeisjudges.com/sports/mens-soccer
Washington-St. Louis,Washington University (Missouri),Sidearm,https://washubears.com/sports/womens-soccer,https://gohuskies.com/sports/mens-soccer
New York U.,New York University,Sidearm,https://gonyuathletics.com/sports/womens-soccer,https://gonyuathletics.com/sports/mens-soccer
Case Western Reserve,Case Western Reserve University,Sidearm,https://athletics.case.edu/sports/womens-soccer,https://athletics.case.edu/sports/mens-soccer
Carnegie Mellon,Carnegie Mellon University,PrestoSports,None,None
Wesleyan (GA),Wesleyan College,PrestoSports,https://kwcpanthers.com/sports/womens-soccer,https://kwcpanthers.com/sports/mens-soccer
Mount Holyoke,Mount Holyoke College,PrestoSports,None,None
Smith,Smith College,Sidearm,https://hwsathletics.com/sports/womens-soccer/opponent-history,None
Wellesley,Wellesley College,Sidearm,https://wellesleyblue.com/sports/womens-soccer,None
Saint Benedict,College of Saint Benedict,Sidearm,https://gobennies.com/sports/womens-soccer,None
Bryn Mawr,Bryn Mawr College,Sidearm,https://www.neumannathletics.com/sports/womens-soccer/stats/2024/bryn-mawr-college/boxscore/12087,None
Cedar Crest,Cedar Crest College,Sidearm,https://cedarcrestathletics.com/sports/womens-soccer/archives,None
Hollins,Hollins University,Sidearm,https://hollinssports.com/sports/womens-soccer,None
Sweet Briar,Sweet Briar College,Sidearm,https://vixenathletics.com/sports/womens-soccer,None
Maranatha Baptist,Maranatha Baptist University,Sidearm,https://mbusabercats.com/sports/womens-soccer,https://mbusabercats.com/sports/mens-soccer
Bethany Lutheran,Bethany Lutheran College,Sidearm,https://blc.edu/2024/04/nichols-to-lead-womens-soccer-program/,https://blcvikings.com/sports/mens-soccer
Crown (MN),Crown College,Sidearm,https://athletics.crown.edu/sports/womens-soccer,https://athletics.crown.edu/sports/mens-soccer
Martin Luther,Martin Luther College,Sidearm,https://mlcknights.com/sports/womens-soccer/archives,https://mlc-wels.edu/event/mens-soccer-at-buena-vista/
Minn.-Morris,University of Minnesota-Morris,Sidearm,https://morriscougars.com/sports/womens-soccer,https://morris.umn.edu/campus-events/university-minnesota-morris-mens-soccer-northland-college-0
North Central (MN),North Central University,Sidearm,https://northcentralcardinals.com/sports/womens-soccer,https://northcentralcardinals.com/sports/mens-soccer
Northwestern-St. Paul,University of Northwestern-St. Paul,Sidearm,https://unweagles.com/sports/womens-soccer,https://unweagles.com/sports/mens-soccer
Northland,Northland College,Sidearm,https://northlandcollegesports.com/sports/womens-soccer,https://northlandcollegesports.com/sports/mens-soccer
Wis.-Superior,University of Wisconsin-Superior,Sidearm,https://uwsyellowjackets.com/sports/womens-soccer,https://uwsyellowjackets.com/sports/mens-soccer
Wis.-Eau Claire,University of Wisconsin-Eau Claire,Sidearm,https://blugolds.com/sports/womens-soccer,https://blugolds.com/sports/mens-soccer
Wis.-La Crosse,University of Wisconsin-La Crosse,Sidearm,https://uwlathletics.com/sports/womens-soccer,None
Wis.-Oshkosh,University of Wisconsin-Oshkosh,Sidearm,https://womenssoccer.uwoshkoshsportscamps.com/girls-college-prep-soccer-clinic.cfm,https://uwoshkoshtitans.com/sports/mens-soccer
Wis.-Platteville,University of Wisconsin-Platteville,PrestoSports,None,None
Wis.-River Falls,University of Wisconsin-River Falls,Sidearm,https://uwrfsports.com/sports/womens-soccer,http://uwrfmenssoccercamps.com/
Wis.-Stevens Point,Univ. of Wisconsin-Stevens Point,Sidearm,https://athletics.uwsp.edu/sports/womens-soccer,https://athletics.uwsp.edu/sports/mens-soccer
Wis.-Stout,University of Wisconsin-Stout,Sidearm,https://www.uwstout.edu/support-womens-soccer,https://connect.uwstout.edu/menssoccer/home/
Wis.-Whitewater,University of Wisconsin-Whitewater,Sidearm,https://uwwsports.com/sports/womens-soccer,https://uwwsports.com/sports/mens-soccer
Cal Poly Humboldt,"California State Polytechnic University, Humboldt",Sidearm,https://humboldtathletics.com/sports/womens-soccer,https://humboldtathletics.com/sports/mens-soccer
Simon Fraser,Simon Fraser University,Sidearm,https://sfuathletics.com/sports/womens-soccer,https://nnusports.com/sports/mens-soccer/opponent-history/simon-fraser-university-b-c-/13
Cheyney,Cheyney University of Pennsylvania,Sidearm,None,https://goeasterneagles.com/sports/mens-soccer/opponent-history/cheyney-university-of-pennsylvania/284
Clarke,Clarke University,PrestoSports,https://clarkathletics.com/sports/womens-soccer,https://clarkathletics.com/sports/mens-soccer
Dominican (Cal.),Dominican University of California,Sidearm,https://dominicanathletics.com/sports/womens-soccer,https://www.dominican.edu/events/mens-soccer-vs-uc-berkeley
Eastern Ore.,Eastern Oregon University,Sidearm,https://eousports.com/sports/womens-soccer,https://eousports.com/sports/mens-soccer
Edinboro,Edinboro University,Sidearm,https://gofightingscots.com/sports/womens-soccer,None
Emmanuel (Mass.),Emmanuel College (Mass.),Sidearm,https://goeulions.com/sports/womens-soccer,https://ciurams.com/sports/mens-soccer/opponent-history/emmanuel-college/71
Fisk,Fisk University,PrestoSports,None,None
Fort Lewis,Fort Lewis College,Sidearm,https://goskyhawks.com/sports/womens-soccer,https://www.durangoherald.com/articles/offseason-acquisitions-fort-lewis-mens-soccer/
Fort Valley St.,Fort Valley State University,Sidearm,None,None
Hunter,Hunter College,Sidearm,None,https://www.huntercollegeathletics.com/news/2024/8/20/mens-soccer-unveils-2024-slate.aspx
Iowa Wesleyan,Iowa Wesleyan University,PrestoSports,None,https://mbuspartans.com/sports/mens-soccer/opponent-history/iowa-wesleyan-university/144
La Sierra,La Sierra University,PrestoSports,None,None
Langston,Langston University,Sidearm,None,None
Livingstone,Livingstone College,Sidearm,None,None
Louisiana Col.,Louisiana College,Sidearm,https://lionsports.net/sports/womens-soccer,https://www.lcwildcats.net/sports/mens-soccer
Minn. St. Moorhead,Minnesota State Univ.-Moorhead,Sidearm,https://www.msumdragons.com/sports/womens-soccer,None
Morningside,Morningside College,PrestoSports,None,https://kwucoyotes.com/news/2024/9/1/mens-soccer-mens-soccer-drops-2-0-decision-to-morningside-in-first-match-of-baker-classic.aspx
Neb.-Kearney,University of Nebraska-Kearney,Sidearm,https://womenssoccer.lopercamps.com/,None
Ohio Valley,Ohio Valley University,Sidearm,https://gvsulakers.com/sports/womens-soccer/opponent-history/ohio-valley-university/122,https://digitalcommons.cedarville.edu/mens_soccer_videos/25/
Oklahoma Panhandle,Oklahoma Panhandle State Univ.,Sidearm,https://opsuaggies.com/sports/womens-soccer,https://macuathletics.com/sports/mens-soccer/opponent-history/oklahoma-panhandle-state-university/30
P.R.-Cayey,"University of Puerto Rico, Cayey",None,None,None
P.R.-Humacao,"University of Puerto Rico, Humacao",None,None,None
Paine,Paine College,Sidearm,None,None
Presentation,Presentation College,PrestoSports,None,https://blcvikings.com/sports/mens-soccer/opponent-history/presentation-college/5
Rust,Rust College,PrestoSports,None,https://hardingsports.com/sports/mens-soccer/opponent-history/rust-college/321
SCAD,Savannah College of Art & Design,Sidearm,None,None
SUNY Delhi,SUNY Delhi,PrestoSports,None,None
St. Andrews,St. Andrews Presbyterian College,PrestoSports,None,https://newberrywolves.com/sports/mens-soccer/stats/1999/st-andrews-presbyterian/boxscore/2117
St. Francis (IL),University of St. Francis (Ill.),Sidearm,https://sfuathletics.com/sports/womens-soccer,https://lewisflyers.com/sports/mens-soccer/opponent-history/university-of-st-francis-ill-/14
St. Thomas (FL),St. Thomas University,Sidearm,https://stubobcats.com/sports/womens-soccer,https://stubobcats.com/sports/mens-soccer
Stillman,Stillman College,Sidearm,None,None
Texas Wesleyan,Texas Wesleyan University,Sidearm,https://ramsports.net/sports/womens-soccer,https://ramsports.net/sports/mens-soccer
Washington Adventist,Washington Adventist University,PrestoSports,None,https://www.wau.edu/history-made-wau-mens-soccer-team-soars-to-first-ever-continental-athletic-conference-championship-tournament/
West Va. Tech,West Virginia Univ. Inst. of Tech.,Sidearm,https://goldenbearathletics.com/sports/womens-soccer,https://wvusports.com/sports/mens-soccer/archives
Western N.M.,Western New Mexico University,Sidearm,None,None
Western Wash.,Western Washington University,Sidearm,https://wwuvikings.com/sports/womens-soccer,https://wwuvikings.com/sports/mens-soccer
William Penn,William Penn College,PrestoSports,None,https://www.wpumenssoccercamps.com/
Winston-Salem,Winston-Salem State University,Sidearm,None,None
Stephens,Stephens College,Sidearm,None,None
BYU-Hawaii,BYU-Hawaii,Sidearm,https://wildcatsports.com/sports/womens-soccer/opponent-history/byu-hawaii/15,https://hpusharks.com/sports/mens-soccer/opponent-history/brigham-young-university-hawaii/20
Becker,Becker College,Sidearm,https://deanbulldogs.com/sports/womens-soccer/stats/2018/becker-college/boxscore/1118,https://marinersports.org/sports/mens-soccer/opponent-history/becker-college/10
Concordia (NY),Concordia College-New York,Sidearm,https://cuigoldeneagles.com/sports/womens-soccer,https://cuigoldeneagles.com/sports/mens-soccer
Concordia University-Portland,Concordia University-Portland,Sidearm,None,https://golutes.com/sports/mens-soccer/opponent-history/concordia-university-ore-/26
Daniel Webster,Daniel Webster College,Sidearm,https://potsdambears.com/sports/womens-soccer/opponent-history/daniel-webster-college/131,https://goecsaints.com/sports/mens-soccer/stats/2016/daniel-webster-college/boxscore/11401
Dowling,Dowling College,Sidearm,None,https://keanathletics.com/sports/mens-soccer/opponent-history/dowling-college/425
Evergreen St.,Evergreen St.,Sidearm,https://gogeoducks.com/sports/womens-soccer,https://gogeoducks.com/sports/mens-soccer
Finlandia,Finlandia University,Sidearm,https://events.morris.umn.edu/event/womens_soccer_at_finlandia_university,https://monmouthscots.com/sports/mens-soccer/opponent-history/finlandia-university/120
Green Mountain,Green Mountain College,Sidearm,https://keanathletics.com/sports/womens-soccer/opponent-history/green-mountain-college/83,https://yumacs.com/sports/mens-soccer/opponent-history/green-mountain-college/190
Holy Names,Holy Names University,None,None,None
Johnson & Wales (Denver),Johnson & Wales University (Denver),None,None,None
LIU Post,LIU Post,Sidearm,https://www.liuathletics.com/sports/womens-soccer,https://www.liuathletics.com/sports/mens-soccer
Lambuth,Lambuth University,Sidearm,https://erauathletics.com/sports/womens-soccer/opponent-history/lambuth-university/148,https://gofhulions.com/sports/mens-soccer/opponent-history/lambuth-university/319
Lincoln Christian,Lincoln Christian College & Seminary,None,None,None
MacMurray,MacMurray College,Sidearm,https://mcmurrysports.com/sports/womens-soccer,https://illinoiscollegeathletics.com/sports/mens-soccer/opponent-history/macmurray-college/15
McNeese St.,McNeese State University,Sidearm,https://mcneesesports.com/sports/womens-soccer/archives,None
Md.-East. Shore,"University of Maryland, Eastern Shore",Sidearm,None,https://monmouthhawks.com/sports/mens-soccer/opponent-history/university-of-maryland-eastern-shore/132
Medaille,Medaille College,Sidearm,https://buffalostateathletics.com/sports/womens-soccer/opponent-history/medaille-college/18,https://thielathletics.com/sports/mens-soccer/opponent-history/medaille-college/129
Mills,Mills College,Sidearm,https://goslugs.com/sports/womens-soccer/opponent-history/mills-college-calif-/144,None
Morris Brown,Morris Brown College,None,None,None
Mount Ida,Mount Ida College,PrestoSports,None,https://skidmoreathletics.com/sports/mens-soccer/opponent-history/mount-ida-college/114
New Rochelle,College of New Rochelle,Sidearm,None,https://www.monroecollegemustangs.com/sports/jv-mens-soccer
New-York-City-Tech,NYC College of Technology,Sidearm,https://ccnyathletics.com/sports/womens-soccer,https://maritimeathletics.com/sports/mens-soccer/opponent-history/new-york-city-college-of-technology/44
Newbury,Newbury College,Sidearm,https://newberrywolves.com/sports/womens-soccer,https://newberrywolves.com/sports/mens-soccer
Northeastern Ill.,Northeastern Illinois,Sidearm,https://niuhuskies.com/sports/womens-soccer,https://gotigersgo.com/sports/mens-soccer/opponent-history/northeastern-illinois-university/1342
Notre Dame de Namur,Notre Dame de Namur,Sidearm,None,https://otterathletics.com/sports/mens-soccer/opponent-history/notre-dame-de-namur-university/12
Nyack,Nyack College,Sidearm,https://discovercollegesoccer.com/nyack-college-womens-soccer-coach-emma-webb/,https://discovercollegesoccer.com/nyack-college-mens-program-coach-alex-schmidt/
Oakland City,Oakland City University,Sidearm,https://gomightyoaks.com/sports/womens-soccer,https://gomightyoaks.com/sports/mens-soccer
Pine Manor,Pine Manor College,PrestoSports,https://owls.umpi.edu/sports/womens-soccer/opponent-history/pine-manor-college/147,https://uvfpatriots.com/sports/mens-soccer/opponent-history/pine-manor-college/109
Polytechnic (NY),Polytechnic Institute of New York University,PrestoSports,https://rpiathletics.com/sports/womens-soccer,https://bardathletics.com/sports/mens-soccer/opponent-history/nyu-poly/39
Reneau University,Reneau University,Sidearm,None,None
Southampton,Southampton Campus of LIU,Sidearm,https://www.liuathletics.com/sports/womens-soccer,https://www.liuathletics.com/sports/mens-soccer
Southern Vt.,Southern Vermont College,Sidearm,https://vtsuhornets.com/sports/womens-soccer/opponent-history/southern-vermont-college/125,https://oswegolakers.com/sports/mens-soccer/opponent-history/southern-vermont-college/336
Spelman,Spelman College,Sidearm,https://piedmontlions.com/sports/womens-soccer/opponent-history/spelman-college/6,None
St. Francis (PA),Saint Francis University,Sidearm,https://gofightingsaints.com/sports/womens-soccer,https://events.francis.edu/department/mens_soccer
St. Francis Brooklyn,St. Francis College Brooklyn,Sidearm,https://collegesoccernews.com/st-francis-brooklyn-eliminates-mens-and-womens-soccer-programs/,https://sfcathletics.com/sports/mens-soccer
St. Joseph's (IN),Saint Joseph's College (Ind.),PrestoSports,https://sjuhawks.com/sports/womens-soccer,https://sjliathletics.com/sports/mens-soccer
St. Paul's,St. Paul's College,Sidearm,https://cspbears.com/sports/womens-soccer/archives,None
State University of New York at Morrisville,State University of New York at Morrisville,Sidearm,https://morrisvillemustangs.com/sports/womens-soccer,https://morrisvillemustangs.com/sports/mens-soccer
TBD,TBD,None,None,None
UIW,University of the Incarnate Word,Sidearm,https://uiwcardinals.com/sports/womens-soccer,https://my.uiw.edu/clubsports/mens-soccer/index.html
Urbana University,Urbana University,Sidearm,https://uublueknights.com/sports/womens-soccer,https://uublueknights.com/sports/mens-soccer
Wesley,Wesley College,Sidearm,https://athletics.wesleyan.edu/sports/womens-soccer,https://athletics.wesleyan.edu/sports/mens-soccer
Wheelock,Wheelock College,Sidearm,https://hussoneagles.com/sports/womens-soccer/opponent-history/wheelock-college/202,https://deanbulldogs.com/sports/mens-soccer/opponent-history/wheelock-college/175
William Peace,William Peace University,Sidearm,https://gopeacepacers.com/sports/womens-soccer,https://guilfordquakers.com/news/2024/9/1/mens-soccer-falls-to-william-peace-in-home-opener.aspx
