Short Name,Long Name,Vendor,WOSO URL,MOSO URL
Maine,University of Maine,Sidearm,https://goblackbears.com/sports/womens-soccer,None
Maryland-Baltimore-County,UMBC,Sidearm,https://umbcretrievers.com/sports/womens-soccer,https://umbcretrievers.com/sports/mens-soccer
Mass.-Lowell,UMass Lowell,Sidearm,https://goriverhawks.com/sports/womens-soccer,https://goriverhawks.com/sports/mens-soccer
New Hampshire,University of New Hampshire,Sidearm,https://unhwildcats.com/sports/womens-soccer,https://unhwildcats.com/sports/mens-soccer
New-Jersey-Tech,New Jersey Institute of Technology,Sidearm,https://njithighlanders.com/sports/womens-soccer,https://njithighlanders.com/sports/mens-soccer
Binghamton,Binghamton University,Sidearm,https://bubearcats.com/sports/womens-soccer,https://bubearcats.com/sports/mens-soccer
Bryant,Bryant University,Sidearm,https://bryantbulldogs.com/sports/womens-soccer,https://bryantbulldogs.com/sports/mens-soccer
Vermont,University of Vermont,Sidearm,https://uvmathletics.com/sports/womens-soccer,https://uvmathletics.com/sports/mens-soccer
UAB,UAB,Sidearm,https://uabsports.com/sports/womens-soccer,https://uabsports.com/sports/mens-soccer
Florida Atlantic,Florida Atlantic University,Sidearm,https://fausports.com/sports/womens-soccer,https://fausports.com/sports/mens-soccer
South Fla.,University of South Florida,Sidearm,https://gousfbulls.com/sports/womens-soccer,https://gousfbulls.com/sports/mens-soccer
Wichita St.,Wichita State University,Sidearm,None,None
Tulane,Tulane University,Sidearm,None,None
Charlotte,UNC Charlotte,Sidearm,https://charlotte49ers.com/sports/womens-soccer,https://charlotte49ers.com/sports/mens-soccer
East Carolina,East Carolina University,Sidearm,https://ecupirates.com/sports/womens-soccer,None
Tulsa,The University of Tulsa,Sidearm,https://tulsahurricane.com/sports/womens-soccer,https://tulsahurricane.com/sports/mens-soccer
Temple,Temple University,Sidearm,https://owlsports.com/sports/womens-soccer,https://owlsports.com/sports/mens-soccer
Memphis,University of Memphis,Sidearm,https://gotigersgo.com/sports/womens-soccer,https://gotigersgo.com/sports/mens-soccer
North Texas,University of North Texas,Sidearm,https://meangreensports.com/sports/womens-soccer,None
Rice,Rice University,Sidearm,https://riceowls.com/sports/womens-soccer,None
SMU,Southern Methodist University,Sidearm,https://smumustangs.com/sports/womens-soccer,https://smumustangs.com/sports/mens-soccer
Texas at San Antonio,University of Texas at San Antonio,WMT,https://goutsa.com/sports/soccer,None
Loyola (IL),Loyola University Chicago,Sidearm,https://loyolaramblers.com/sports/womens-soccer,https://loyolaramblers.com/sports/mens-soccer
Mass-Amherst,University of Massachusetts,Sidearm,https://umassathletics.com/sports/womens-soccer,https://umassathletics.com/sports/mens-soccer
St. Louis,Saint Louis University,Sidearm,https://slubillikens.com/sports/womens-soccer,https://slubillikens.com/sports/mens-soccer
Fordham,Fordham University,Sidearm,https://fordhamsports.com/sports/womens-soccer,https://fordhamsports.com/sports/mens-soccer
St. Bonaventure,St. Bonaventure University,Sidearm,https://gobonnies.com/sports/womens-soccer,https://gobonnies.com/sports/mens-soccer
Davidson,Davidson College,Sidearm,https://davidsonwildcats.com/sports/womens-soccer,https://davidsonwildcats.com/sports/mens-soccer
Dayton,University of Dayton,Sidearm,https://daytonflyers.com/sports/womens-soccer,https://daytonflyers.com/sports/mens-soccer
Duquesne,Duquesne University,Sidearm,https://goduquesne.com/sports/womens-soccer,https://goduquesne.com/sports/mens-soccer
La Salle,La Salle University,Sidearm,https://goexplorers.com/sports/womens-soccer,https://goexplorers.com/sports/mens-soccer
Saint Joseph's,Saint Joseph's University,Sidearm,https://sjuhawks.com/sports/womens-soccer,https://sjuhawks.com/sports/mens-soccer
Rhode Island,University of Rhode Island,Sidearm,https://gorhody.com/sports/womens-soccer,https://gorhody.com/sports/mens-soccer
George Washington,George Washington University,Sidearm,https://gwsports.com/sports/womens-soccer,https://gwsports.com/sports/mens-soccer
George Mason,George Mason University,Sidearm,https://gomason.com/sports/womens-soccer,https://gomason.com/sports/mens-soccer
Richmond,University of Richmond,Sidearm,https://richmondspiders.com/sports/womens-soccer,None
VCU,Virginia Commonwealth University,Sidearm,https://vcuathletics.com/sports/womens-soccer,https://vcuathletics.com/sports/mens-soccer
Florida St.,Florida State University,Sidearm,https://seminoles.com/sports/womens-soccer,None
Miami (Fla.),University of Miami,WMT,https://miamihurricanes.com/sports/soc/,None
Georgia Tech,Georgia Tech,WMT,None,None
Notre Dame,University of Notre Dame,WMT,https://fightingirish.com/sports/wsoc/,https://fightingirish.com/sports/msoc/
Louisville,University of Louisville,Sidearm,https://gocards.com/sports/womens-soccer,https://gocards.com/sports/mens-soccer
Boston College,Boston College,Sidearm,https://bceagles.com/sports/womens-soccer,https://bceagles.com/sports/mens-soccer
Syracuse,Syracuse University,Sidearm,https://cuse.com/sports/womens-soccer,https://cuse.com/sports/mens-soccer
Duke,Duke University,Sidearm,https://goduke.com/sports/womens-soccer,https://goduke.com/sports/mens-soccer
North Carolina,University of North Carolina,Sidearm,https://goheels.com/sports/womens-soccer,https://goheels.com/sports/mens-soccer
North Carolina St.,North Carolina State University,Sidearm,https://gopack.com/sports/womens-soccer,https://gopack.com/sports/mens-soccer
Wake Forest,Wake Forest University,Sidearm,https://godeacs.com/sports/womens-soccer,https://godeacs.com/sports/mens-soccer
Pittsburgh,University of Pittsburgh,Sidearm,https://pittsburghpanthers.com/sports/womens-soccer,https://pittsburghpanthers.com/sports/mens-soccer
Clemson,Clemson University,WMT,https://clemsontigers.com/sports/womens-soccer/,https://clemsontigers.com/sports/mens-soccer/
Virginia,University of Virginia,WMT,https://virginiasports.com/sports/wsoc/,https://virginiasports.com/sports/msoc/
Virginia Tech,Virginia Tech,Sidearm,https://hokiesports.com/sports/womens-soccer,https://hokiesports.com/sports/mens-soccer
North Ala.,University of North Alabama,Sidearm,https://roarlions.com/sports/womens-soccer,None
Central Ark.,University of Central Arkansas,Sidearm,https://ucasports.com/sports/womens-soccer,https://ucasports.com/sports/mens-soccer
FGCU,Florida Gulf Coast University,Sidearm,https://fgcuathletics.com/sports/womens-soccer,https://fgcuathletics.com/sports/mens-soccer
Jacksonville,Jacksonville University,Sidearm,https://judolphins.com/sports/womens-soccer,https://judolphins.com/sports/mens-soccer
North Florida,University of North Florida,Sidearm,https://unfospreys.com/sports/womens-soccer,https://unfospreys.com/sports/mens-soccer
Stetson,Stetson University,Sidearm,https://gohatters.com/sports/womens-soccer,https://gohatters.com/sports/mens-soccer
Kennesaw St.,Kennesaw State University,Sidearm,https://ksuowls.com/sports/womens-soccer,None
Bellarmine,Bellarmine University,Sidearm,https://athletics.bellarmine.edu/sports/womens-soccer,https://athletics.bellarmine.edu/sports/mens-soccer
Eastern Ky.,Eastern Kentucky University,Sidearm,https://ekusports.com/sports/womens-soccer,None
Queens (NC),Queens University of Charlotte,Sidearm,https://queensathletics.com/sports/womens-soccer,https://queensathletics.com/sports/mens-soccer
Austin Peay,Austin Peay State University,Sidearm,https://letsgopeay.com/sports/womens-soccer,None
Lipscomb,Lipscomb University,Sidearm,https://lipscombsports.com/sports/womens-soccer,https://lipscombsports.com/sports/msoc
UCF,University of Central Florida,WMT,https://ucfknights.com/sports/womens-soccer,https://ucfknights.com/sports/mens-soccer
Iowa St.,Iowa State University,Sidearm,https://cyclones.com/sports/womens-soccer,None
Kansas,University of Kansas,WMT,https://kuathletics.com/sports/wsoc/,None
Kansas St.,Kansas State University,Sidearm,https://www.kstatesports.com/sports/womens-soccer,None
Cincinnati,University of Cincinnati,Sidearm,https://gobearcats.com/sports/womens-soccer,None
Oklahoma,University of Oklahoma,Sidearm,https://soonersports.com/sports/soccer,None
Oklahoma St.,Oklahoma State University,Sidearm,https://okstate.com/sports/womens-soccer,None
Baylor,Baylor University,Sidearm,https://baylorbears.com/sports/womens-soccer,None
Houston,University of Houston,Sidearm,https://uhcougars.com/sports/womens-soccer,None
TCU,Texas Christian University,Sidearm,https://gofrogs.com/sports/womens-soccer,None
Texas,University of Texas,Sidearm,https://texassports.com/sports/womens-soccer,None
Texas Tech,Texas Tech University,Sidearm,https://texastech.com/sports/womens-soccer,None
BYU,Brigham Young University,WMT,https://byucougars.com/sports/womens-soccer,None
West Virginia,West Virginia University,Sidearm,https://wvusports.com/sports/womens-soccer,https://wvusports.com/sports/mens-soccer
Connecticut,University of Connecticut,Sidearm,https://uconnhuskies.com/sports/womens-soccer,https://uconnhuskies.com/sports/mens-soccer
Butler,Butler University,Sidearm,https://butlersports.com/sports/womens-soccer,https://butlersports.com/sports/mens-soccer
Creighton,Creighton University,Sidearm,https://gocreighton.com/sports/womens-soccer,https://gocreighton.com/sports/mens-soccer
Seton Hall,Seton Hall University,Sidearm,https://shupirates.com/sports/womens-soccer,https://shupirates.com/sports/mens-soccer
St. John's (NY),St. John's University (N.Y.),Sidearm,https://redstormsports.com/sports/womens-soccer,https://redstormsports.com/sports/mens-soccer
Xavier,Xavier University,Sidearm,https://goxavier.com/sports/womens-soccer,https://goxavier.com/sports/mens-soccer
Villanova,Villanova University,Sidearm,https://villanova.com/sports/womens-soccer,https://villanova.com/sports/mens-soccer
Providence,Providence College,Sidearm,https://friars.com/sports/womens-soccer,https://friars.com/sports/mens-soccer
Georgetown,Georgetown University,Sidearm,https://guhoyas.com/sports/womens-soccer,https://guhoyas.com/sports/mens-soccer
Marquette,Marquette University,Sidearm,https://gomarquette.com/sports/womens-soccer,https://gomarquette.com/sports/mens-soccer
Sacramento St.,Sacramento State University,Sidearm,https://hornetsports.com/sports/womens-soccer,https://hornetsports.com/sports/mens-soccer
Northern Colo.,University of Northern Colorado,Sidearm,https://uncbears.com/sports/womens-soccer,None
Idaho,University of Idaho,Sidearm,https://govandals.com/sports/womens-soccer,None
Idaho St.,Idaho State University,Sidearm,https://isubengals.com/sports/womens-soccer,None
Montana,University of Montana,Sidearm,https://gogriz.com/sports/womens-soccer,None
Montana St.,Montana State University-Bozeman,Sidearm,None,None
Portland St.,Portland State University,Sidearm,https://goviks.com/sports/womens-soccer,None
Weber St.,Weber State University,Sidearm,https://weberstatesports.com/sports/womens-soccer,None
Eastern Wash.,Eastern Washington University,Sidearm,https://goeags.com/sports/womens-soccer,None
Gardner-Webb,Gardner-Webb University,Sidearm,https://gwusports.com/sports/womens-soccer,https://gwusports.com/sports/mens-soccer
High Point,High Point University,Sidearm,https://highpointpanthers.com/sports/womens-soccer,https://highpointpanthers.com/sports/mens-soccer
UNC Asheville,UNC Asheville,Sidearm,https://uncabulldogs.com/sports/womens-soccer,https://uncabulldogs.com/sports/mens-soccer
Charleston So.,Charleston Southern University,Sidearm,https://csusports.com/sports/womens-soccer,None
Presbyterian,Presbyterian College,Sidearm,https://gobluehose.com/sports/womens-soccer,https://gobluehose.com/sports/mens-soccer
South-Carolina-Upstate,University of South Carolina Upstate,Sidearm,https://upstatespartans.com/sports/womens-soccer,https://upstatespartans.com/sports/mens-soccer
Winthrop,Winthrop University,Sidearm,https://winthropeagles.com/sports/womens-soccer,https://winthropeagles.com/sports/mens-soccer
Longwood,Longwood University,Sidearm,https://longwoodlancers.com/sports/womens-soccer,https://longwoodlancers.com/sports/mens-soccer
Radford,Radford University,Sidearm,https://radfordathletics.com/sports/womens-soccer,https://radfordathletics.com/sports/mens-soccer
Illinois,University of Illinois,Sidearm,https://fightingillini.com/sports/womens-soccer,None
Northwestern,Northwestern University,Sidearm,https://nusports.com/sports/womens-soccer,https://nusports.com/sports/mens-soccer
Indiana,"Indiana University, Bloomington",Sidearm,https://iuhoosiers.com/sports/womens-soccer,https://iuhoosiers.com/sports/mens-soccer
Purdue,Purdue University,Sidearm,https://purduesports.com/sports/womens-soccer,None
Iowa,University of Iowa,WMT,https://hawkeyesports.com/sports/wsoc/,None
Maryland,University of Maryland-College Park,Sidearm,https://umterps.com/sports/womens-soccer,https://umterps.com/sports/mens-soccer
Michigan,University of Michigan,Sidearm,https://mgoblue.com/sports/womens-soccer,https://mgoblue.com/sports/mens-soccer
Michigan St.,Michigan State University,Sidearm,https://msuspartans.com/sports/womens-soccer,https://msuspartans.com/sports/mens-soccer
Minnesota,University of Minnesota,Sidearm,https://gophersports.com/sports/womens-soccer,None
Nebraska,University of Nebraska-Lincoln,WMT,https://huskers.com/sports/soccer,None
Rutgers,Rutgers University,Sidearm,https://scarletknights.com/sports/womens-soccer,https://scarletknights.com/sports/mens-soccer
Ohio St.,The Ohio State University,Sidearm,https://ohiostatebuckeyes.com/sports/womens-soccer,https://ohiostatebuckeyes.com/sports/mens-soccer
Penn State,Penn State University,Sidearm,https://gopsusports.com/sports/womens-soccer,https://gopsusports.com/sports/mens-soccer
CSU Bakersfield,CSU Bakersfield,Sidearm,https://gorunners.com/sports/womens-soccer,https://gorunners.com/sports/mens-soccer
Cal Poly,Cal Poly,Sidearm,https://gopoly.com/sports/womens-soccer,https://gopoly.com/sports/mens-soccer
Cal St. Fullerton,Cal State-Fullerton,Sidearm,https://fullertontitans.com/sports/womens-soccer,https://fullertontitans.com/sports/mens-soccer
Cal St. Northridge,Cal State-Northridge,Sidearm,https://gomatadors.com/sports/womens-soccer,https://gomatadors.com/sports/mens-soccer
Long Beach St.,Long Beach State University,Sidearm,https://longbeachstate.com/sports/womens-soccer,None
UC Davis,UC Davis,Sidearm,https://ucdavisaggies.com/sports/womens-soccer,https://ucdavisaggies.com/sports/mens-soccer
UC Irvine,UC Irvine,Sidearm,https://ucirvinesports.com/sports/womens-soccer,https://ucirvinesports.com/sports/mens-soccer
UC Riverside,UC Riverside,Sidearm,https://gohighlanders.com/sports/womens-soccer,https://gohighlanders.com/sports/mens-soccer
UC San Diego,UC San Diego,Sidearm,https://ucsdtritons.com/sports/womens-soccer,https://ucsdtritons.com/sports/mens-soccer
UC Santa Barbara,UC Santa Barbara,Sidearm,https://ucsbgauchos.com/sports/womens-soccer,https://ucsbgauchos.com/sports/mens-soccer
Hawaii,"University of Hawaii, Manoa",Sidearm,https://hawaiiathletics.com/sports/womens-soccer,None
Delaware,University of Delaware,Sidearm,https://bluehens.com/sports/womens-soccer,https://bluehens.com/sports/mens-soccer
Towson,Towson University,Sidearm,https://towsontigers.com/sports/womens-soccer,None
Northeastern,Northeastern University,Sidearm,https://nuhuskies.com/sports/womens-soccer,https://nuhuskies.com/sports/mens-soccer
Monmouth,Monmouth University,Sidearm,https://monmouthhawks.com/sports/womens-soccer,https://monmouthhawks.com/sports/mens-soccer
Hofstra,Hofstra University,Sidearm,https://gohofstra.com/sports/womens-soccer,https://gohofstra.com/sports/mens-soccer
Stony Brook,Stony Brook University,Sidearm,https://stonybrookathletics.com/sports/womens-soccer,https://stonybrookathletics.com/sports/mens-soccer
Campbell,Campbell University,Sidearm,https://gocamels.com/sports/womens-soccer,https://gocamels.com/sports/mens-soccer
Elon,Elon University,Sidearm,https://elonphoenix.com/sports/womens-soccer,https://elonphoenix.com/sports/mens-soccer
North Carolina A&T,North Carolina A&T State University,None,None,None
UNCW,UNC Wilmington,Sidearm,https://uncwsports.com/sports/womens-soccer,https://uncwsports.com/sports/mens-soccer
Drexel,Drexel University,Sidearm,https://drexeldragons.com/sports/womens-soccer,https://drexeldragons.com/sports/mens-soccer
Col. of Charleston,College of Charleston,Sidearm,https://cofcsports.com/sports/womens-soccer,https://cofcsports.com/sports/mens-soccer
Hampton,Hampton University,Sidearm,https://hamptonpirates.com/sports/womens-soccer,None
William & Mary,College of William and Mary,Sidearm,https://tribeathletics.com/sports/womens-soccer,https://tribeathletics.com/sports/mens-soccer
Hartford,University of Hartford,Sidearm,https://hartfordhawks.com/sports/womens-soccer,https://hartfordhawks.com/sports/mens-soccer
Lasell,Lasell College,PrestoSports,https://laserpride.lasell.edu/sports/wsoc/index,https://laserpride.lasell.edu/sports/msoc/index
IUPUI,IUPUI,Sidearm,https://iupuijags.com/sports/womens-soccer,https://iupuijags.com/sports/mens-soccer
Purdue University Fort Wayne,Purdue University Fort Wayne,Sidearm,https://gomastodons.com/sports/womens-soccer,https://gomastodons.com/sports/mens-soccer
Northern Ky.,Northern Kentucky University,Sidearm,https://nkunorse.com/sports/womens-soccer,https://nkunorse.com/sports/mens-soccer
Detroit,University of Detroit Mercy,Sidearm,https://detroittitans.com/sports/womens-soccer,https://detroittitans.com/sports/mens-soccer
Oakland,Oakland University,Sidearm,https://goldengrizzlies.com/sports/womens-soccer,https://goldengrizzlies.com/sports/mens-soccer
Cleveland St.,Cleveland State University,PrestoSports,https://www.csuvikings.com/sports/w-soccer/index,https://www.csuvikings.com/sports/m-soccer/index
Wright St.,Wright State University,Sidearm,https://wsuraiders.com/sports/womens-soccer,https://wsuraiders.com/sports/mens-soccer
Youngstown St.,Youngstown State University,Sidearm,https://ysusports.com/sports/womens-soccer,None
Green Bay,"University of Wisconsin, Green Bay",Sidearm,https://greenbayphoenix.com/sports/womens-soccer,https://greenbayphoenix.com/sports/mens-soccer
Milwaukee,"University of Wisconsin, Milwaukee",Sidearm,https://mkepanthers.com/sports/womens-soccer,https://mkepanthers.com/sports/mens-soccer
Dallas Baptist,Dallas Baptist University,Sidearm,https://dbupatriots.com/sports/womens-soccer,https://dbupatriots.com/sports/mens-soccer
Fairfield,Fairfield University,Sidearm,https://fairfieldstags.com/sports/womens-soccer,https://fairfieldstags.com/sports/mens-soccer
Quinnipiac,Quinnipiac University,Sidearm,https://gobobcats.com/sports/womens-soccer,https://gobobcats.com/sports/mens-soccer
Mt. St. Mary's,Mount St. Mary's University,Sidearm,https://mountathletics.com/sports/womens-soccer,https://mountathletics.com/sports/mens-soccer
Rider,Rider University,Sidearm,https://gobroncs.com/sports/womens-soccer,https://gobroncs.com/sports/mens-soccer
Saint Peter's,Saint Peter's University,Sidearm,https://saintpeterspeacocks.com/sports/womens-soccer,https://saintpeterspeacocks.com/sports/mens-soccer
Canisius,Canisius College,Sidearm,https://gogriffs.com/sports/womens-soccer,https://gogriffs.com/sports/mens-soccer
Iona,Iona College,Sidearm,https://ionagaels.com/sports/womens-soccer,https://ionagaels.com/sports/mens-soccer
Manhattan,Manhattan College,Sidearm,https://gojaspers.com/sports/womens-soccer,https://gojaspers.com/sports/mens-soccer
Marist,Marist College,Sidearm,https://goredfoxes.com/sports/womens-soccer,https://goredfoxes.com/sports/mens-soccer
Niagara,Niagara University,Sidearm,https://purpleeagles.com/sports/womens-soccer,https://purpleeagles.com/sports/mens-soccer
Siena,Siena College,Sidearm,https://sienasaints.com/sports/womens-soccer,https://sienasaints.com/sports/mens-soccer
Northern Ill.,Northern Illinois University,Sidearm,https://niuhuskies.com/sports/womens-soccer,https://niuhuskies.com/sports/mens-soccer
Ball St.,Ball State University,Sidearm,https://ballstatesports.com/sports/womens-soccer,None
Central Mich.,Central Michigan University,Sidearm,https://cmuchippewas.com/sports/womens-soccer,None
Eastern Mich.,Eastern Michigan University,Sidearm,https://emueagles.com/sports/womens-soccer,None
Western Mich.,Western Michigan University,Sidearm,https://wmubroncos.com/sports/womens-soccer,https://wmubroncos.com/sports/mens-soccer
Buffalo,University at Buffalo,Sidearm,https://ubbulls.com/sports/womens-soccer,None
Bowling Green,Bowling Green State University,Sidearm,https://bgsufalcons.com/sports/womens-soccer,https://bgsufalcons.com/sports/mens-soccer
Kent St.,Kent State University,Sidearm,https://kentstatesports.com/sports/womens-soccer,None
Miami (OH),Miami University (Ohio),Sidearm,https://miamiredhawks.com/sports/womens-soccer,None
Ohio,Ohio University,Sidearm,https://ohiobobcats.com/sports/wsoc,None
Toledo,University of Toledo,Sidearm,https://utrockets.com/sports/womens-soccer,None
Morgan St.,Morgan State University,Sidearm,None,None
North Carolina Central,North Carolina Central University,Sidearm,None,None
South Carolina St.,South Carolina State University,Sidearm,https://www.scsuathletics.com/sports/womens-soccer,None
Howard,Howard University,Sidearm,https://hubison.com/sports/womens-soccer,https://hubison.com/sports/mens-soccer
Bradley,Bradley University,Sidearm,None,https://bradleybraves.com/sports/mens-soccer
Ill.-Chicago,University of Illinois-Chicago,Sidearm,https://uicflames.com/sports/womens-soccer,https://uicflames.com/sports/mens-soccer
Illinois St.,Illinois State University,Sidearm,https://goredbirds.com/sports/womens-soccer,None
Southern Ill.,Southern Illinois University,Sidearm,https://siusalukis.com/sports/womens-soccer,None
Evansville,University of Evansville,Sidearm,https://gopurpleaces.com/sports/womens-soccer,https://gopurpleaces.com/sports/mens-soccer
Indiana St.,Indiana State University,Sidearm,https://gosycamores.com/sports/womens-soccer,None
Valparaiso,Valparaiso University,Streamline,https://www.valpoathletics.com/wsoccer/roster/,None
Drake,Drake University,Sidearm,https://godrakebulldogs.com/sports/womens-soccer,https://godrakebulldogs.com/sports/mens-soccer
Murray St.,Murray State University,Sidearm,https://goracers.com/sports/womens-soccer,None
Missouri St.,Missouri State University,Sidearm,https://missouristatebears.com/sports/womens-soccer,https://missouristatebears.com/sports/mens-soccer
Belmont,Belmont University,Sidearm,https://belmontbruins.com/sports/womens-soccer,https://belmontbruins.com/sports/mens-soccer
Fresno St.,Fresno State,Sidearm,https://gobulldogs.com/sports/womens-soccer,None
San Diego St.,San Diego State University,Sidearm,https://goaztecs.com/sports/womens-soccer,https://goaztecs.com/sports/mens-soccer
San Jose St.,San Jose State University,WMT,https://sjsuspartans.com/sports/womens-soccer,https://sjsuspartans.com/sports/mens-soccer
Colorado St.,Colorado State University,Sidearm,https://csurams.com/sports/womens-soccer,None
Boise St.,Boise State University,Sidearm,https://broncosports.com/sports/womens-soccer,None
Nevada,University of Nevada,Sidearm,https://nevadawolfpack.com/sports/womens-soccer,None
UNLV,UNLV,Sidearm,https://unlvrebels.com/sports/womens-soccer,https://unlvrebels.com/sports/mens-soccer
New Mexico,University of New Mexico,WMT,https://golobos.com/sports/wsoc/,None
Utah St.,Utah State University,Sidearm,https://utahstateaggies.com/sports/womens-soccer,None
Wyoming,University of Wyoming,Sidearm,https://gowyo.com/sports/womens-soccer,None
Northern Ariz.,Northern Arizona University,Sidearm,https://nauathletics.com/sports/womens-soccer,None
Colorado,University of Colorado,Sidearm,https://cubuffs.com/sports/womens-soccer,None
DePaul,DePaul University,Sidearm,https://depaulbluedemons.com/sports/womens-soccer,https://depaulbluedemons.com/sports/mens-soccer
Northern Iowa,University of Northern Iowa,Sidearm,https://unipanthers.com/sports/womens-soccer,None
Robert Morris,Robert Morris University,Sidearm,https://rmucolonials.com/sports/womens-soccer,https://rmucolonials.com/sports/mens-soccer
Tennessee St.,Tennessee State University,Sidearm,None,None
Southern Utah,Southern Utah University,Sidearm,https://suutbirds.com/sports/womens-soccer,None
Wisconsin,"University of Wisconsin, Madison",Sidearm,https://uwbadgers.com/sports/womens-soccer,https://uwbadgers.com/sports/mens-soccer
Central Conn. St.,Central Connecticut State University,PrestoSports,https://ccsubluedevils.com/sports/wsoc/index,https://ccsubluedevils.com/sports/msoc/index
Sacred Heart,Sacred Heart University,Sidearm,https://sacredheartpioneers.com/sports/womens-soccer,https://sacredheartpioneers.com/sports/mens-soccer
Delaware St.,Delaware State University,Sidearm,https://dsuhornets.com/sports/womens-soccer,None
Coppin St.,Coppin State University,Sidearm,None,None
Merrimack,Merrimack College,Sidearm,https://merrimackathletics.com/sports/womens-soccer,https://merrimackathletics.com/sports/mens-soccer
Stonehill,Stonehill College,PrestoSports,https://www.stonehillskyhawks.com/sports/wsoc/index,https://www.stonehillskyhawks.com/sports/msoc/index
Fairleigh Dickinson,Fairleigh Dickinson University,Sidearm,https://fduknights.com/sports/womens-soccer,https://fduknights.com/sports/mens-soccer
Le Moyne,Le Moyne College,Sidearm,https://lemoynedolphins.com/sports/womens-soccer,https://lemoynedolphins.com/sports/mens-soccer
Long Island,Long Island University,Sidearm,https://www.liuathletics.com/sports/womens-soccer,https://www.liuathletics.com/sports/mens-soccer
Wagner,Wagner College,Sidearm,https://wagnerathletics.com/sports/womens-soccer,None
Norfolk St.,Norfolk State University,Sidearm,None,None
Western Ill.,Western Illinois University,Sidearm,https://goleathernecks.com/sports/womens-soccer,https://goleathernecks.com/sports/mens-soccer
Lindenwood,Lindenwood University,Sidearm,https://lindenwoodlions.com/sports/womens-soccer,https://lindenwoodlions.com/sports/mens-soccer
Little-Rock,Little Rock,Sidearm,https://lrtrojans.com/sports/womens-soccer,None
Eastern Ill.,Eastern Illinois University,Sidearm,https://eiupanthers.com/sports/womens-soccer,https://eiupanthers.com/sports/mens-soccer
SIUE,Southern Illinois Univ.-Edwardsville,Sidearm,https://siuecougars.com/sports/womens-soccer,https://siuecougars.com/sports/msoc
Southern Ind.,University of Southern Indiana,Sidearm,https://usiscreamingeagles.com/sports/womens-soccer,https://usiscreamingeagles.com/sports/mens-soccer
Morehead St.,Morehead State University,Sidearm,https://msueagles.com/sports/womens-soccer,None
Southeast Mo. St.,Southeast Missouri State University,Sidearm,https://semoredhawks.com/sports/womens-soccer,None
Tenn-Martin,University of Tennessee at Martin,Sidearm,https://utmsports.com/sports/womens-soccer,None
Tennessee Tech,Tennessee Technological University,PrestoSports,https://www.ttusports.com/sports/wsoc/index,None
California,University of California,Sidearm,https://calbears.com/sports/womens-soccer,https://calbears.com/sports/mens-soccer
Southern California,University of Southern California,Sidearm,https://usctrojans.com/sports/womens-soccer,None
Stanford,Stanford University,WMT,https://gostanford.com/sports/womens-soccer,None
UCLA,UCLA,Sidearm,https://uclabruins.com/sports/womens-soccer,https://uclabruins.com/sports/mens-soccer
Oregon,University of Oregon,Sidearm,https://goducks.com/sports/womens-soccer,None
Oregon State,Oregon State University,Sidearm,https://osubeavers.com/sports/womens-soccer,https://osubeavers.com/sports/mens-soccer
Utah,University of Utah,Sidearm,https://utahutes.com/sports/womens-soccer,None
Washington,University of Washington,Sidearm,https://gohuskies.com/sports/womens-soccer,https://gohuskies.com/sports/mens-soccer
Washington St.,Washington State University,Sidearm,https://wsucougars.com/sports/womens-soccer,None
Loyola Maryland,Loyola University Maryland,Sidearm,https://loyolagreyhounds.com/sports/womens-soccer,https://loyolagreyhounds.com/sports/mens-soccer
Navy,U.S. Naval Academy,Sidearm,https://navysports.com/sports/womens-soccer,https://navysports.com/sports/mens-soccer
Boston U.,Boston University,Sidearm,https://goterriers.com/sports/womens-soccer,https://goterriers.com/sports/mens-soccer
Holy Cross,College of the Holy Cross,Sidearm,https://goholycross.com/sports/womens-soccer,https://goholycross.com/sports/mens-soccer
Colgate,Colgate University,Sidearm,https://colgateathletics.com/sports/womens-soccer,https://colgateathletics.com/sports/mens-soccer
Bucknell,Bucknell University,Sidearm,https://bucknellbison.com/sports/womens-soccer,https://bucknellbison.com/sports/mens-soccer
Lafayette,Lafayette College,Sidearm,https://goleopards.com/sports/womens-soccer,https://goleopards.com/sports/mens-soccer
Lehigh,Lehigh University,Sidearm,https://lehighsports.com/sports/womens-soccer,https://lehighsports.com/sports/mens-soccer
Auburn,Auburn University,WMT,https://auburntigers.com/sports/soccer,None
Florida,University of Florida,Sidearm,https://floridagators.com/sports/womens-soccer,None
Georgia,University of Georgia,Sidearm,https://georgiadogs.com/sports/womens-soccer,None
Kentucky,University of Kentucky,WMT,https://ukathletics.com/sports/wsoc,https://ukathletics.com/sports/msoc
LSU,Louisiana State University,None,https://lsusports.net/sports/sc,None
Mississippi,University of Mississippi,Sidearm,https://olemisssports.com/sports/womens-soccer,None
Mississippi St.,Mississippi State University,Sidearm,https://hailstate.com/sports/womens-soccer,None
Missouri,University of Missouri,Sidearm,https://mutigers.com/sports/womens-soccer,None
South Carolina,University of South Carolina,WMT,https://gamecocksonline.com/sports/wsoc,https://gamecocksonline.com/sports/msoc/
Tennessee,University of Tennessee,Sidearm,https://utsports.com/sports/womens-soccer,None
Vanderbilt,Vanderbilt University,WMT,https://vucommodores.com/sports/wsoc/,None
Texas A&M,Texas A&M University,Sidearm,https://12thman.com/sports/womens-soccer,None
Samford,Samford University,Sidearm,https://samfordsports.com/sports/womens-soccer,None
Mercer,Mercer University,Sidearm,https://mercerbears.com/sports/womens-soccer,https://mercerbears.com/sports/mens-soccer
UNC Greensboro,UNC Greensboro,Sidearm,https://uncgspartans.com/sports/womens-soccer,https://uncgspartans.com/sports/mens-soccer
Western Caro.,Western Carolina University,Sidearm,https://catamountsports.com/sports/womens-soccer,None
Citadel,The Citadel,Sidearm,https://citadelsports.com/sports/womens-soccer,None
Furman,Furman University,Sidearm,https://furmanpaladins.com/sports/womens-soccer,https://furmanpaladins.com/sports/mens-soccer
Wofford,Wofford College,Sidearm,https://woffordterriers.com/sports/womens-soccer,https://woffordterriers.com/sports/mens-soccer
East Tenn. St.,East Tennessee State University,Sidearm,https://etsubucs.com/sports/womens-soccer,https://etsubucs.com/sports/mens-soccer
Tenn-Chattanooga,University of Tennessee at Chattanooga,Sidearm,https://gomocs.com/sports/womens-soccer,None
VMI,Virginia Military Institute,Sidearm,https://vmikeydets.com/sports/womens-soccer,https://vmikeydets.com/sports/mens-soccer
Kentucky St.,Kentucky State University,Sidearm,None,None
New Orleans,University of New Orleans,Sidearm,None,None
Nicholls St.,Nicholls State University,Sidearm,https://geauxcolonels.com/sports/womens-soccer,None
Northwestern St.,Northwestern State University,Sidearm,https://nsudemons.com/sports/womens-soccer,None
Southeastern La.,Southeastern Louisiana University,Sidearm,https://lionsports.net/sports/womens-soccer,None
Houston Christian,Houston Christian University,Sidearm,https://hcuhuskies.com/sports/womens-soccer,https://hcuhuskies.com/sports/mens-soccer
Lamar,Lamar University,Sidearm,https://lamarcardinals.com/sports/womens-soccer,None
Tex. A&M-Commerce,Texas A&M-Commerce,Sidearm,https://lionathletics.com/sports/womens-soccer,None
Bethune-Cookman,Bethune-Cookman University,Sidearm,None,None
Florida A&M,Florida A&M University,Sidearm,None,None
Grambling,Grambling State University,Sidearm,https://gsutigers.com/sports/womens-soccer,None
Southern U.,Southern University,Sidearm,https://gojagsports.com/sports/womens-soccer,None
Jackson St.,Jackson State University,Sidearm,https://gojsutigers.com/sports/womens-soccer,None
Mississippi Val.,Mississippi Valley State University,Sidearm,https://mvsusports.com/sports/womens-soccer,None
Prairie View,Prairie View A&M University,Sidearm,https://pvpanthers.com/sports/womens-soccer,None
Texas Southern,Texas Southern University,Sidearm,https://tsusports.com/sports/womens-soccer,None
North Dakota,University of North Dakota,Sidearm,https://fightinghawks.com/sports/womens-soccer,None
South Ala.,University of South Alabama,Sidearm,https://usajaguars.com/sports/womens-soccer,None
Troy,Troy University,Sidearm,https://troytrojans.com/sports/womens-soccer,None
Georgia Southern,Georgia Southern University,Sidearm,https://gseagles.com/sports/womens-soccer,https://gseagles.com/sports/mens-soccer
Georgia St.,Georgia State University,Sidearm,https://georgiastatesports.com/sports/womens-soccer,https://georgiastatesports.com/sports/mens-soccer
La.-Lafayette,University of Louisiana at Lafayette,Sidearm,https://ragincajuns.com/sports/womens-soccer,None
La.-Monroe,University of Louisiana at Monroe,Sidearm,https://ulmwarhawks.com/sports/womens-soccer,None
Southern Miss.,The University of Southern Mississippi,Sidearm,https://southernmiss.com/sports/womens-soccer,None
Coastal Caro.,Coastal Carolina University,Sidearm,https://goccusports.com/sports/womens-soccer,https://goccusports.com/sports/mens-soccer
Texas St.,Texas State University,Sidearm,https://txst.com/sports/womens-soccer,None
James Madison,James Madison University,Sidearm,https://jmusports.com/sports/womens-soccer,https://jmusports.com/sports/mens-soccer
Old Dominion,Old Dominion University,WMT,https://odusports.com/sports/womens-soccer,https://odusports.com/sports/mens-soccer
Marshall,Marshall University,Sidearm,https://herdzone.com/sports/womens-soccer,https://herdzone.com/sports/mens-soccer
Yale,Yale University,Sidearm,https://yalebulldogs.com/sports/womens-soccer,https://yalebulldogs.com/sports/mens-soccer
Harvard,Harvard University,Sidearm,https://gocrimson.com/sports/womens-soccer,https://gocrimson.com/sports/mens-soccer
Dartmouth,Dartmouth College,Sidearm,https://dartmouthsports.com/sports/womens-soccer,https://dartmouthsports.com/sports/mens-soccer
Princeton,Princeton University,Sidearm,https://goprincetontigers.com/sports/womens-soccer,https://goprincetontigers.com/sports/mens-soccer
Columbia,Columbia University-Barnard College,Sidearm,https://gocolumbialions.com/sports/womens-soccer,https://gocolumbialions.com/sports/mens-soccer
Cornell,Cornell University,Sidearm,https://cornellbigred.com/sports/womens-soccer,https://cornellbigred.com/sports/mens-soccer
Penn,University of Pennsylvania,Sidearm,https://pennathletics.com/sports/womens-soccer,https://pennathletics.com/sports/mens-soccer
Brown,Brown University,Sidearm,https://brownbears.com/sports/womens-soccer,https://brownbears.com/sports/mens-soccer
Denver,University of Denver,Sidearm,https://denverpioneers.com/sports/womens-soccer,https://denverpioneers.com/sports/mens-soccer
St. Thomas (MN),University of St. Thomas (Minn.),Sidearm,https://tommiesports.com/sports/wsoc,https://tommiesports.com/sports/msoc
Kansas City,University of Missouri-Kansas City,Sidearm,https://kcroos.com/sports/womens-soccer,https://kcroos.com/sports/mens-soccer
Omaha,University of Nebraska-Omaha,Sidearm,https://omavs.com/sports/womens-soccer,https://omavs.com/sports/mens-soccer
North Dakota St.,North Dakota State University,Sidearm,https://gobison.com/sports/womens-soccer,None
Oral Roberts,Oral Roberts University,Sidearm,https://oruathletics.com/sports/womens-soccer,https://oruathletics.com/sports/mens-soccer
South Dakota,University of South Dakota,Sidearm,https://goyotes.com/sports/womens-soccer,None
South Dakota St.,South Dakota State University,Sidearm,https://gojacks.com/sports/womens-soccer,None
Jacksonville St.,Jacksonville State University,Sidearm,https://jaxstatesports.com/sports/womens-soccer,None
FIU,Florida International University,Sidearm,https://fiusports.com/sports/womens-soccer,https://fiusports.com/sports/mens-soccer
Western Ky.,Western Kentucky University,Sidearm,https://wkusports.com/sports/womens-soccer,None
Louisiana Tech,Louisiana Tech University,Sidearm,https://latechsports.com/sports/womens-soccer,None
New Mexico St.,New Mexico State University,Sidearm,https://nmstatesports.com/sports/womens-soccer,None
Middle Tenn.,Middle Tennessee State University,Sidearm,https://goblueraiders.com/sports/womens-soccer,None
Sam Houston St.,Sam Houston State University,Sidearm,https://gobearkats.com/sports/womens-soccer,None
Texas at El Paso,University of Texas at El Paso,Sidearm,https://utepminers.com/sports/womens-soccer,None
Liberty,Liberty University,Sidearm,https://libertyflames.com/sports/womens-soccer,https://libertyflames.com/sports/mens-soccer
Loyola Marymount,Loyola Marymount University,Sidearm,https://lmulions.com/sports/womens-soccer,https://lmulions.com/sports/mens-soccer
Pacific,University of the Pacific,Sidearm,https://pacifictigers.com/sports/womens-soccer,https://pacifictigers.com/sports/mens-soccer
Pepperdine,Pepperdine University,Sidearm,https://pepperdinewaves.com/sports/womens-soccer,None
Saint-Mary's (CA),St. Mary's College (CA),Sidearm,https://smcgaels.com/sports/womens-soccer,https://smcgaels.com/sports/mens-soccer
San Diego,University of San Diego,Sidearm,https://usdtoreros.com/sports/womens-soccer,https://usdtoreros.com/sports/mens-soccer
San Francisco,University of San Francisco,Sidearm,https://usfdons.com/sports/womens-soccer,https://usfdons.com/sports/mens-soccer
Santa Clara,Santa Clara University,Sidearm,https://santaclarabroncos.com/sports/womens-soccer,https://santaclarabroncos.com/sports/mens-soccer
Portland,University of Portland,Sidearm,https://portlandpilots.com/sports/womens-soccer,https://portlandpilots.com/sports/mens-soccer
Gonzaga,Gonzaga University,Sidearm,https://gozags.com/sports/womens-soccer,https://gozags.com/sports/mens-soccer
Grand Canyon,Grand Canyon University,,,
Cal Baptist,California Baptist University,,,
Chicago St.,Chicago State University,,,
Stephen F. Austin,Stephen F. Austin State University,,,
Tarleton St.,Tarleton State University,,,
Texas Rio Grande Valley,University of Texas Rio Grande Valley,,,
Texas at Arlington,University of Texas at Arlington,,,
Utah Tech,Utah Tech University,,,
Utah Valley,Utah Valley University,,,
Seattle,Seattle University,,,
Cal Poly Pomona,Cal Poly-Pomona,,,
Cal St. Dom. Hills,Cal State-Dominguez Hills,,,
Cal St. East Bay,Cal State-East Bay,,,
Cal St. Monterey Bay,Cal State-Monterey Bay,,,
Cal St. San B'dino,Cal State-San Bernardino,,,
Cal St. Stanislaus,Cal State-Stanislaus,,,
Cal State LA,Cal State-Los Angeles,,,
Cal State-San Marcos,Cal State-San Marcos,,,
Chico State,"California State University, Chico",,,
San Fran. St.,San Francisco State University,,,
Sonoma St.,Sonoma State University,,,
Emmanuel (Ga.),Emmanuel College (Ga.),,,
Young Harris,Young Harris College,,,
Barton,Barton College,,,
Belmont Abbey,Belmont Abbey College,,,
Chowan,Chowan University,,,
Lees-McRae,Lees-McRae College,,,
Mount Olive,Mount Olive College,,,
UNC Pembroke,UNC Pembroke,,,
Converse,Converse College,,,
Erskine,Erskine College,,,
Francis Marion,Francis Marion University,,,
North Greenville,North Greenville University,,,
Southern Wesleyan,Southern Wesleyan University,,,
King (TN),King University,,,
Bridgeport,University of Bridgeport,,,
Post,Post University,,,
Goldey-Beacom,Goldey-Beacom College,,,
Wilmington (DE),Wilmington University,,,
Bloomfield,Bloomfield College,,,
Caldwell,Caldwell University,,,
Felician,Felician College,,,
Georgian Court,Georgian Court University,,,
Dominican (NY),Dominican College (N.Y.),,,
Chestnut Hill,Chestnut Hill College,,,
Holy Family,Holy Family University,,,
Jefferson University,Thomas Jefferson University,,,
Bowie St.,Bowie State University,,,
Elizabeth City St.,Elizabeth City State University,,,
Fayetteville St.,Fayetteville State University,,,
Johnson C. Smith,Johnson C. Smith University,,,
Shaw,Shaw University,,,
St. Augustine's,St. Augustine's University,,,
Virginia St.,Virginia State University,,,
Virginia Union,Virginia Union University,,,
Bluefield St.,Bluefield State College,,,
D'Youville,D'Youville College,,,
Daemen,Daemen College,,,
Mercy,Mercy College,,,
Molloy,Molloy University,,,
New-York-Inst,New York Institute of Technology,,,
Queens (NY),Queens College,,,
Roberts Wesleyan,Roberts Wesleyan University,,,
St. Thomas Aquinas,St. Thomas Aquinas College,,,
Staten Island,College of Staten Island,,,
Lincoln (PA),The Lincoln University (Pa.),,,
Dist. Columbia,University of the District of Columbia,,,
Purdue Northwest,Purdue University Northwest,,,
Davenport,Davenport University,,,
Southwest Baptist,Southwest Baptist University,,,
Harding,Harding University,,,
Henderson St.,Henderson State University,,,
Ouachita Baptist,Ouachita Baptist University,,,
Southern Ark.,Southern Arkansas University,,,
East Central,East Central University,,,
Northwestern Oklahoma,Northwestern Oklahoma State Univ.,,,
Oklahoma Baptist University,Oklahoma Baptist University,,,
Southeastern Okla.,Southeastern Oklahoma State Univ.,,,
Southern Nazarene,Southern Nazarene University,,,
Southwestern Okla.,Southwestern Oklahoma State Univ.,,,
Ferris St.,Ferris State University,,,
Grand Valley St.,Grand Valley State University,,,
Lake Superior St.,Lake Superior State University,,,
Michigan Tech,Michigan Technological University,,,
Northern Mich.,Northern Michigan University,,,
Saginaw Valley,Saginaw Valley State University,,,
Wayne St. (MI),Wayne State University,,,
Wis.-Parkside,"University of Wisconsin, Parkside",,,
Ill.- Springfield,University of Illinois-Springfield,,,
Lewis,Lewis University,,,
McKendree,McKendree University,,,
Quincy,Quincy University,,,
Indianapolis,University of Indianapolis,,,
Upper Iowa,Upper Iowa University,,,
Drury,Drury University,,,
Maryville (MO),Maryville University of Saint Louis,,,
Missouri S&T,Missouri S&T,,,
Mo.-St. Louis,University of Missouri-St. Louis,,,
Rockhurst,Rockhurst University,,,
Truman,Truman State University,,,
William Jewell,William Jewell College,,,
Ky. Wesleyan,Kentucky Wesleyan College,,,
Thomas More,Thomas More University,,,
Hillsdale,Hillsdale College,,,
Northwood (MI),Northwood University (Michigan),,,
Ashland,Ashland University,,,
Cedarville,Cedarville University,,,
Findlay,University of Findlay,,,
Lake Erie,Lake Erie College,,,
Malone,Malone University,,,
Ohio Dominican,Ohio Dominican University,,,
Tiffin,Tiffin University,,,
Walsh,Walsh University,,,
Trevecca Nazarene,Trevecca Nazarene University,,,
Northwest Nazarene,Northwest Nazarene University,,,
Mont. St. Billings,Montana St. University Billings,,,
Western Ore.,Western Oregon University,,,
Central Wash.,Central Washington University,,,
Saint-Martins,Saint Martin's University,,,
Seattle Pacific,Seattle Pacific University,,,
Auburn-Montgomery,Auburn-Montgomery,,,
Montevallo,University of Montevallo,,,
West Ala.,University of West Alabama,,,
West Fla.,University of West Florida,,,
Shorter,Shorter University,,,
Valdosta St.,Valdosta State University,,,
West Ga.,University of West Georgia,,,
Delta St.,Delta State University,,,
Mississippi Col.,Mississippi College,,,
Christian Bros.,Christian Brothers University,,,
Lee,Lee University,,,
Union (Tenn.),Union University (Tenn.),,,
P.R.-Bayamon,University of Puerto Rico-Bayamon,,,
P.R.-Mayaguez,University of Puerto Rico-Mayaguez Campus,,,
P.R.-Rio Piedras,University of Puerto Rico-Rio Piedras,,,
Salem University,Salem University,,,
Eastern N.M.,Eastern New Mexico University,,,
Cameron,Cameron University,,,
Oklahoma Christian,Oklahoma Christian University,,,
Lubbock Christian,Lubbock Christian University,,,
MSU Texas,Midwestern State University,,,
St. Edward's,St. Edward's University,,,
St. Mary's (TX),St. Mary's University (Texas),,,
Sul Ross St.,Sul Ross State University,,,
Tex. A&M Int'l,Texas A&M International University,,,
Tex. A&M-Kingsville,Texas A&M-Kingsville,,,
Texas at Tyler,University of Texas at Tyler,,,
Texas of the Permian Basin,Texas of the Permian Basin,,,
West Tex. A&M,West Texas A&M University,,,
Newman,Newman University,,,
Rogers State,Rogers State University,,,
Emporia St.,Emporia State University,,,
Fort Hays St.,Fort Hays State University,,,
Pittsburg State,Pittsburg State University,,,
Washburn,Washburn University of Topeka,,,
Central Mo.,University of Central Missouri,,,
Lincoln (MO),Lincoln University (Mo.),,,
Mo. Southern St.,Missouri Southern St. University,,,
Mo. Western St.,Missouri Western St. University,,,
Northwest Mo. St.,Northwest Missouri State University,,,
Central Okla.,University of Central Oklahoma,,,
Northeastern St.,Northeastern State University,,,
Frostburg St.,Frostburg State University,,,
Notre Dame (OH),Notre Dame College (Ohio),,,
Charleston (WV),University of Charleston,,,
Concord,Concord University,,,
Davis & Elkins,Davis and Elkins College,,,
Fairmont St.,Fairmont State University,,,
Glenville St.,Glenville State College,,,
West Liberty,West Liberty University,,,
West Va. Wesleyan,West Virginia Wesleyan College,,,
West Virginia St.,West Virginia State University,,,
Wheeling Jesuit,Wheeling Jesuit University,,,
Jessup University,Jessup University,,,
Menlo,Menlo College,,,
Texas Woman's,Texas Woman's University,,,
New Haven,University of New Haven,,,
Southern Conn. St.,Southern Connecticut St. University,,,
Assumption,Assumption College,,,
Bentley,Bentley University,,,
Franklin Pierce,Franklin Pierce University,,,
Southern N.H.,Southern New Hampshire University,,,
St. Anselm,Saint Anselm College,,,
Pace,Pace University,,,
St. Rose,The College of Saint Rose,,,
St. Michael's,Saint Michael's College,,,
Bemidji St.,Bemidji State University,,,
Concordia-St. Paul,"Concordia University, St. Paul",,,
Minn. Duluth,University of Minnesota-Duluth,,,
Minn. St. Mankato,Minnesota State University-Mankato,,,
Minn.-Crookston,University of Minnesota-Crookston,,,
Southwest Minn. St.,Southwest Minnesota St. University,,,
St. Cloud State,St. Cloud State University,,,
Winona St.,Winona State University,,,
Wayne St. (NE),Wayne State College,,,
Mary,University of Mary,,,
Minot St.,Minot State University,,,
Augustana (SD),Augustana University (SD),,,
Northern St.,Northern State University,,,
Sioux Falls,University of Sioux Falls,,,
Shepherd,Shepherd University,,,
Azusa Pacific,Azusa Pacific University,,,
Biola,Biola University,,,
Concordia University Irvine,Concordia University Irvine,,,
Fresno Pacific,Fresno Pacific University,,,
Point Loma,Point Loma,,,
Westmont College,Westmont College,,,
Chaminade,Chaminade University,,,
Hawaii Hilo,University of Hawaii at Hilo,,,
Hawaii Pacific,Hawaii Pacific University,,,
Flagler,Flagler College,,,
Augusta University,Augusta University,,,
Clayton St.,Clayton State University,,,
Columbus St.,Columbus State University,,,
Ga. Southwestern,Georgia Southwestern State Univ.,,,
Georgia College,Georgia College,,,
North Ga.,University of North Georgia,,,
Claflin,Claflin University,,,
Lander,Lander University,,,
South-Carolina-Aiken,University of South Carolina Aiken,,,
USC Beaufort,University of South Carolina Beaufort,,,
Bloomsburg,Bloomsburg University,,,
California (PA),California University of Pennsylvania,,,
Clarion,Clarion University of Pennsylvania,,,
East Stroudsburg,East Stroudsburg University,,,
Gannon,Gannon University,,,
Indiana (PA),Indiana University of Pennsylvania,,,
Kutztown,Kutztown University,,,
Lock Haven,Lock Haven University,,,
Mansfield,Mansfield Univ. of Pennsylvania,,,
Mercyhurst,Mercyhurst College,,,
Millersville,Millersville University,,,
Pitt.-Johnstown,University of Pittsburgh-Johnstown,,,
Seton Hill,Seton Hill University,,,
Shippensburg,Shippensburg University,,,
Slippery Rock,Slippery Rock University,,,
West Chester,West Chester Univ. of Pennsylvania,,,
Colo-Springs,Univ. of Colorado-Colorado Springs,,,
Colo. Christian,Colorado Christian University,,,
Colorado Mesa,Colorado Mesa University,,,
Colorado School of Mines,Colorado School of Mines,,,
Colorado St.-Pueblo,Colorado State University-Pueblo,,,
Metro St.,Metropolitan St. University of Denver,,,
Regis (CO),Regis University,,,
Western Colo.,Western Colorado University,,,
Chadron St.,Chadron State College,,,
New-Mexico-Highlands,New Mexico Highlands University,,,
Black Hills St.,Black Hills State University,,,
South Dakota Mines,South Dakota (Mines),,,
Westminster (UT),Westminster University,,,
Savannah St.,Savannah State University,,,
Edward Waters,Edward Waters,,,
Catawba,Catawba College,,,
Lenoir-Rhyne,Lenoir-Rhyne University,,,
Mars Hill,Mars Hill University,,,
Wingate,Wingate University,,,
Coker,Coker University,,,
Limestone,Limestone College,,,
Newberry,Newberry College,,,
Carson-Newman,Carson-Newman College,,,
Lincoln Memorial,Lincoln Memorial University,,,
Tusculum,Tusculum College,,,
Virginia-Wise,Virginia's College at Wise,,,
Miles,Miles College,,,
Spring Hill,Spring Hill College,,,
Tuskegee,Tuskegee University,,,
Clark Atlanta,Clark Atlanta University,,,
Morehouse,Morehouse College,,,
Central St. (OH),Central State University,,,
Benedict,Benedict College,,,
Lane,Lane College,,,
LeMoyne-Owen,LeMoyne-Owen College,,,
Barry,Barry University,,,
Eckerd,Eckerd College,,,
Embry-Riddle University,Embry-Riddle University,,,
Fla. Southern,Florida Southern College,,,
Florida Tech,Florida Tech,,,
Lynn,Lynn University,,,
Nova Southeastern,Nova Southeastern University,,,
Palm Beach Atl.,Palm Beach Atlantic University,,,
Rollins,Rollins College,,,
St. Leo,Saint Leo University,,,
Tampa,University of Tampa,,,
Ursuline,Ursuline College,,,
Hilbert,Hilbert College,,,
Wells,Wells College,,,
La Roche,La Roche College,,,
Mt. Aloysius,Mount Aloysius College,,,
Penn St.-Altoona,Penn State Altoona,,,
Penn St.-Behrend,Penn State Behrend,,,
Pitt.-Bradford,"University of Pittsburgh, Bradford",,,
Pitt.-Greensburg,University of Pittsburgh-Greensburg,,,
Buena Vista,Buena Vista University,,,
Central (IA),Central College (Iowa),,,
Coe,Coe College,,,
Dubuque,University of Dubuque,,,
Loras,Loras College,,,
Luther,Luther College,,,
Simpson,Simpson College,,,
Wartburg,Wartburg College,,,
Neb. Wesleyan,Nebraska Wesleyan University,,,
Ozarks (AR),University of the Ozarks,,,
Belhaven,Belhaven University,,,
Concordia (TX),Concordia University Texas,,,
East Tex. Baptist,East Texas Baptist University,,,
Hardin-Simmons,Hardin-Simmons University,,,
Howard Payne,Howard Payne University,,,
LeTourneau,LeTourneau University,,,
Mary Hardin-Baylor,University of Mary Hardin-Baylor,,,
McMurry,McMurry University,,,
Texas at Dallas,University of Texas at Dallas,,,
Centenary (NJ),Centenary University (N.J.),,,
Cabrini,Cabrini University,,,
Gwynedd-Mercy,Gwynedd-Mercy College,,,
Immaculata,Immaculata University,,,
Marywood,Marywood University,,,
Neumann,Neumann University,,,
Marymount (VA),Marymount University,,,
Johns Hopkins,Johns Hopkins University,,,
McDaniel,McDaniel College,,,
Washington Col.,Washington College,,,
Dickinson,Dickinson College,,,
Frank. & Marsh.,Franklin & Marshall College,,,
Gettysburg,Gettysburg College,,,
Haverford,Haverford College,,,
Muhlenberg,Muhlenberg College,,,
Swarthmore,Swarthmore College,,,
Ursinus,Ursinus College,,,
Baruch,Baruch College,,,
Brooklyn,Brooklyn College,,,
CCNY,City College of New York,,,
John Jay,John Jay College of Criminal Justice,,,
Lehman,Lehman College,,,
Medgar Evers,Medgar Evers College,,,
York (NY),York College (N.Y.),,,
UC Santa Cruz,UC Santa Cruz,,,
Salisbury,Salisbury University,,,
Pratt Institute,Pratt Institute,,,
Warren Wilson College,Warren Wilson College,,,
Chris. Newport,Christopher Newport University,,,
Mary Washington,University of Mary Washington,,,
Augustana (IL),Augustana College (IL),,,
Elmhurst,Elmhurst College,,,
Ill. Wesleyan,Illinois Wesleyan University,,,
Millikin,Millikin University,,,
North Central (IL),North Central College,,,
North Park,North Park University,,,
Wheaton (IL),Wheaton College (Ill.),,,
Carroll (WI),Carroll University,,,
Carthage,Carthage College,,,
Huntingdon,Huntingdon College,,,
Covenant,Covenant College,,,
LaGrange,LaGrange College,,,
Piedmont,Piedmont College,,,
Maryville (TN),Maryville College,,,
New-England,University of New England,,,
Curry,Curry College,,,
Endicott,Endicott College,,,
Gordon,Gordon College,,,
Nichols,Nichols College,,,
Suffolk,Suffolk University,,,
Wentworth Inst.,Wentworth Institute of Technology,,,
Western New Eng.,Western New England University,,,
Roger Williams,Roger Williams University,,,
Elmira,Elmira College,,,
Hartwick,Hartwick College,,,
Houghton,Houghton College,,,
Keuka,Keuka College,,,
Nazareth,Nazareth College,,,
Sage Colleges,The Sage Colleges,,,
St. John Fisher,St. John Fisher University,,,
Utica,Utica College,,,
St. Joseph (CT),University of Saint Joseph (Conn.),,,
Mitchell,Mitchell College,,,
St. Joseph's (Me.),Saint Joseph's College (Maine),,,
Dean College,Dean College,,,
Elms,Elms College,,,
Regis College,Regis College,,,
Simmons,Simmons College,,,
Colby-Sawyer,Colby-Sawyer College,,,
New England Col.,New England College,,,
Rivier,Rivier University,,,
Johnson & Wales (RI),Johnson and Wales University,,,
Norwich,Norwich University,,,
Earlham,Earlham College,,,
Franklin,Franklin College,,,
Hanover,Hanover College,,,
Manchester,Manchester University,,,
Rose-Hulman,Rose-Hulman Institute of Technology,,,
Transylvania,Transylvania University,,,
Bluffton,Bluffton University,,,
Defiance,Defiance College,,,
Mount St. Joseph,Mount St. Joseph University,,,
Goucher,Goucher College,,,
Drew,Drew University,,,
Elizabethtown,Elizabethtown College,,,
Juniata,Juniata College,,,
Lycoming,Lycoming College,,,
Moravian,Moravian College,,,
Scranton,University of Scranton,,,
Susquehanna,Susquehanna University,,,
Wilkes,Wilkes University,,,
Catholic,Catholic University,,,
Bard,Bard College,,,
Clarkson,Clarkson University,,,
Hobart,Hobart College,,,
Ithaca,Ithaca College,,,
Rensselaer,Rensselaer Polytechnic Institute,,,
Rochester (NY),University of Rochester,,,
Rochester Inst.,Rochester Institute of Technology,,,
Skidmore,Skidmore College,,,
St. Lawrence,St. Lawrence University,,,
Union (NY),Union College (N.Y.),,,
Vassar,Vassar College,,,
Eastern Conn. St.,Eastern Connecticut State University,,,
Western Conn. St.,Western Connecticut State University,,,
Southern Me.,University of Southern Maine,,,
Mass.-Boston,UMass Boston,,,
Mass.-Dartmouth,UMass Dartmouth,,,
Keene St.,Keene State College,,,
Plymouth St.,Plymouth State University,,,
Rhode Island Col.,Rhode Island College,,,
Castleton,Castleton University,,,
Bridgewater St.,Bridgewater State University,,,
Fitchburg St.,Fitchburg State University,,,
Framingham St.,Framingham State University,,,
Mass-Liberal-Arts,Massachusetts College of Liberal Arts,,,
Mass. Maritime,Massachusetts Maritime Academy,,,
Salem St.,Salem State University,,,
Westfield St.,Westfield State University,,,
Worcester St.,Worcester State University,,,
Trine,Trine University,,,
Calvin,Calvin College,,,
Hope,Hope College,,,
Kalamazoo,Kalamazoo College,,,
Olivet,Olivet College,,,
Stevens,Stevens Institute of Technology,,,
Hood,Hood College,,,
Stevenson,Stevenson University,,,
Eastern,Eastern University,,,
Messiah,Messiah College,,,
Widener,Widener University,,,
York (PA),York College (Pa.),,,
FDU-Florham,"Fairleigh Dickinson Univ., Florham",,,
DeSales,DeSales University,,,
Delaware Valley,Delaware Valley College,,,
King's (PA),King's College,,,
Lebanon Valley,Lebanon Valley College,,,
Misericordia,Misericordia University,,,
Chicago,University of Chicago,,,
Illinois Col.,Illinois College,,,
Knox,Knox College,,,
Lake Forest,Lake Forest College,,,
Monmouth (IL),Monmouth College,,,
Cornell College,Cornell College,,,
Grinnell,Grinnell College,,,
Beloit,Beloit College,,,
Lawrence,Lawrence University,,,
Ripon,Ripon College,,,
Augsburg,Augsburg University,,,
Bethel (MN),Bethel University,,,
Carleton,Carleton College,,,
Concordia-M'head,Concordia College-Moorhead,,,
Gust. Adolphus,Gustavus Adolphus College,,,
Hamline,Hamline University,,,
Macalester,Macalester College,,,
Saint Mary's (Minn.),Saint Mary's University (Minn.),,,
St. John's (MN),St. John's University (Minn.),,,
St. Olaf,St. Olaf College,,,
St. Scholastica,College of St. Scholastica,,,
Saint-Mary's (IN),Saint Mary's College (IN),,,
St. Catherine,St. Catherine University,,,
William Smith,William Smith College,,,
Meredith,Meredith College,,,
Salem,Salem College,,,
Bay Path,Bay Path University,,,
Gallaudet,Gallaudet University,,,
Trinity Washington,Trinity Washington University,,,
Mt. Mary,Mount Mary College,,,
Connecticut Col.,Connecticut College,,,
Trinity (CT),Trinity College (CT),,,
Wesleyan (CT),Wesleyan University,,,
Bates,Bates College,,,
Bowdoin,Bowdoin College,,,
Colby,Colby College,,,
Tufts,Tufts University,,,
Williams,Williams College,,,
Hamilton,Hamilton College,,,
Middlebury,Middlebury College,,,
Coast Guard,U.S. Coast Guard Academy,,,
Babson,Babson College,,,
Clark (MA),Clark University,,,
Emerson,Emerson College,,,
MIT,MIT,,,
Springfield,Springfield College,,,
WPI,Worcester Polytechnic Institute,,,
Wheaton (MA),Wheaton College (Mass.),,,
Salve Regina,Salve Regina University,,,
Kean,Kean University,,,
Montclair St.,Montclair State University,,,
New Jersey City,New Jersey City University,,,
Ramapo,Ramapo College,,,
Rowan,Rowan University,,,
Rutgers-Camden,"Rutgers University, Camden",,,
Rutgers-Newark,"Rutgers University, Newark",,,
Stockton,Stockton University,,,
TCNJ,The College of New Jersey,,,
William Paterson,William Paterson University,,,
Husson,Husson University,,,
Maine Maritime,Maine Maritime Academy,,,
Me.-Farmington,"University of Maine, Farmington",,,
Me.-Presque Isle,University of Maine at Presque Isle,,,
Thomas (ME),Thomas College,,,
Eastern Nazarene,Eastern Nazarene College,,,
Lesley,Lesley University,,,
Cazenovia,Cazenovia College,,,
SUNY Canton,SUNY Canton,,,
SUNY Poly,SUNY Polytechnic Institute,,,
Suny-Cobleskill,"SUNY, Cobleskill",,,
Johnson St.,Johnson State College,,,
Lyndon St.,Lyndon State College,,,
DePauw,DePauw University,,,
Wabash,Wabash College,,,
Denison,Denison University,,,
Hiram,Hiram College,,,
Kenyon,Kenyon College,,,
Oberlin,Oberlin College,,,
Ohio Wesleyan,Ohio Wesleyan University,,,
Wittenberg,Wittenberg University,,,
Wooster,College of Wooster,,,
Aurora,Aurora University,,,
Benedictine (IL),Benedictine University,,,
Concordia Chicago,Concordia University Chicago,,,
Dominican (IL),Dominican University (Ill.),,,
Illinois Tech,Illinois Tech,,,
Rockford,Rockford University,,,
Concordia (Wis.),Concordia University Wisconsin,,,
Edgewood,Edgewood College,,,
Lakeland,Lakeland College,,,
Marian (WI),Marian University,,,
Milwaukee Engr.,Milwaukee School of Engineering,,,
St. Norbert,St. Norbert College,,,
Wis. Lutheran,Wisconsin Lutheran College,,,
George Fox,George Fox University,,,
Lewis & Clark,Lewis & Clark College,,,
Linfield,Linfield College,,,
Pacific (OR),Pacific University,,,
Willamette,Willamette University,,,
Pacific Lutheran,Pacific Lutheran University,,,
Puget Sound,University of Puget Sound,,,
Whitman,Whitman College,,,
Whitworth,Whitworth University,,,
Baldwin Wallace,Baldwin Wallace University,,,
Capital,Capital University,,,
Heidelberg,Heidelberg University,,,
John Carroll,John Carroll University,,,
Marietta,Marietta College,,,
Mount Union,Mount Union College,,,
Muskingum,Muskingum University,,,
Ohio Northern,Ohio Northern University,,,
Otterbein,Otterbein University,,,
Wilmington (OH),Wilmington College,,,
Guilford,Guilford College,,,
Averett,Averett University,,,
Bridgewater (VA),Bridgewater College,,,
East. Mennonite,Eastern Mennonite University,,,
Ferrum,Ferrum College,,,
Hampden-Sydney,Hampden-Sydney College,,,
Lynchburg,University of Lynchburg,,,
Randolph,Randolph College,,,
Randolph-Macon,Randolph-Macon College,,,
Roanoke,Roanoke College,,,
Shenandoah,Shenandoah University,,,
Virg-Wesleyan,Virginia Wesleyan College,,,
Wash. & Lee,Washington and Lee University,,,
Franciscan,Franciscan Univ. of Steubenville,,,
Chatham,Chatham University,,,
Geneva,Geneva College,,,
Grove City,Grove City College,,,
St. Vincent,Saint Vincent College,,,
Thiel,Thiel College,,,
Wash. & Jeff.,Washington and Jefferson College,,,
Waynesburg,Waynesburg University,,,
Westminster (PA),Westminster College (Pa.),,,
Bethany (WV),Bethany College,,,
Farmingdale St.,Farmingdale State College,,,
Manhattanville,Manhattanville College,,,
Merchant Marine,U.S. Merchant Marine Academy,,,
Mt. St. Mary (NY),Mount Saint Mary College,,,
Mt. St. Vincent,University of Mount Saint Vincent,,,
Purchase,Purchase College-SUNY,,,
SUNY Maritime,SUNY Maritime College,,,
Sarah Lawrence,Sarah Lawrence College,,,
St. Joseph's (Brkln),"St. Joseph's University, New York (Brooklyn)",,,
St. Joseph's (L.I.),St. Joseph's University (Long Island),,,
Suny-Old-Westbury,"SUNY, Old Westbury",,,
Yeshiva,Yeshiva University,,,
Emory & Henry,Emory and Henry College,,,
Birmingham-So.,Birmingham-Southern College,,,
Hendrix,Hendrix College,,,
Berry,Berry College,,,
Oglethorpe,Oglethorpe University,,,
Centre,Centre College,,,
Millsaps,Millsaps College,,,
Rhodes,Rhodes College,,,
Sewanee,The University of the South,,,
Cal Lutheran,California Lutheran University,,,
Caltech,California Institute of Technology,,,
Chapman,Chapman University,,,
Claremont-M-S,Claremont-Mudd-Scripps Colleges,,,
La Verne,University of La Verne,,,
Occidental,Occidental College,,,
Pomona-Pitzer,Pomona-Pitzer Colleges,,,
Redlands,University of Redlands,,,
Whittier,Whittier College,,,
Colorado Col.,Colorado College,,,
Centenary (LA),Centenary College of Louisiana,,,
Austin,Austin College,,,
Dallas,University of Dallas,,,
Schreiner,Schreiner University,,,
Southwestern (TX),Southwestern University,,,
St. Thomas Houston,St. Thomas Houston,,,
Texas Lutheran,Texas Lutheran University,,,
Trinity (TX),Trinity University (Texas),,,
Lyon College,Lyon College,,,
Blackburn,Blackburn College,,,
Eureka,Eureka College,,,
Greenville,Greenville University,,,
Principia,Principia College,,,
Spalding,Spalding University,,,
Fontbonne,Fontbonne University,,,
Webster,Webster University,,,
Westminster (MO),Westminster College (Mo.),,,
Brockport,College at Brockport,,,
Buffalo St.,Buffalo State College,,,
Fredonia,SUNY at Fredonia,,,
Plattsburgh State,Plattsburgh State University,,,
SUNY Cortland,"SUNY, Cortland",,,
SUNY Geneseo,"SUNY, Geneseo",,,
SUNY New Paltz,SUNY New Paltz,,,
SUNY Oneonta,SUNY Oneonta,,,
SUNY Potsdam,"SUNY, Potsdam",,,
Suny-Oswego,"SUNY, Oswego",,,
Berea College,Berea College,,,
Mary Baldwin,Mary Baldwin University,,,
Brevard,Brevard College,,,
Greensboro,Greensboro College,,,
Methodist,Methodist University,,,
North Carolina Wesleyan,North Carolina Wesleyan College,,,
Pfeiffer,Pfeiffer University,,,
Southern Virginia,Southern Virginia University,,,
Notre Dame (MD),Notre Dame of Maryland University,,,
Saint-Mary's (MD),St. Mary's College (MD),,,
St. Elizabeth,College of Saint Elizabeth,,,
Bryn Athyn,Bryn Athyn College,,,
Cairn,Cairn University,,,
Clarks Summit University,Clarks Summit University,,,
Keystone,Keystone College,,,
Lancaster Bible,Lancaster Bible College,,,
Penn College,Penn College of Technology,,,
Penn St.-Abington,Penn State Abington,,,
Penn St.-Berks,Penn State Berks College,,,
Penn St.-Harrisburg,Penn State Harrisburg,,,
Rosemont,Rosemont College,,,
Valley Forge,University of Valley Forge,,,
Wilson,Wilson College,,,
Emory,Emory University,,,
Brandeis,Brandeis University,,,
Washington-St. Louis,Washington University (Missouri),,,
New York U.,New York University,,,
Case Western Reserve,Case Western Reserve University,,,
Carnegie Mellon,Carnegie Mellon University,,,
Wesleyan (GA),Wesleyan College,,,
Mount Holyoke,Mount Holyoke College,,,
Smith,Smith College,,,
Wellesley,Wellesley College,,,
Saint Benedict,College of Saint Benedict,,,
Bryn Mawr,Bryn Mawr College,,,
Cedar Crest,Cedar Crest College,,,
Hollins,Hollins University,,,
Sweet Briar,Sweet Briar College,,,
Maranatha Baptist,Maranatha Baptist University,,,
Bethany Lutheran,Bethany Lutheran College,,,
Crown (MN),Crown College,,,
Martin Luther,Martin Luther College,,,
Minn.-Morris,University of Minnesota-Morris,,,
North Central (MN),North Central University,,,
Northwestern-St. Paul,University of Northwestern-St. Paul,,,
Northland,Northland College,,,
Wis.-Superior,University of Wisconsin-Superior,,,
Wis.-Eau Claire,University of Wisconsin-Eau Claire,,,
Wis.-La Crosse,University of Wisconsin-La Crosse,,,
Wis.-Oshkosh,University of Wisconsin-Oshkosh,,,
Wis.-Platteville,University of Wisconsin-Platteville,,,
Wis.-River Falls,University of Wisconsin-River Falls,,,
Wis.-Stevens Point,Univ. of Wisconsin-Stevens Point,,,
Wis.-Stout,University of Wisconsin-Stout,,,
Wis.-Whitewater,University of Wisconsin-Whitewater,,,
Cal Poly Humboldt,"California State Polytechnic University, Humboldt",,,
Simon Fraser,Simon Fraser University,,,
Cheyney,Cheyney University of Pennsylvania,,,
Clarke,Clarke University,,,
Dominican (Cal.),Dominican University of California,,,
Eastern Ore.,Eastern Oregon University,,,
Edinboro,Edinboro University,,,
Emmanuel (Mass.),Emmanuel College (Mass.),,,
Fisk,Fisk University,,,
Fort Lewis,Fort Lewis College,,,
Fort Valley St.,Fort Valley State University,,,
Hunter,Hunter College,,,
Iowa Wesleyan,Iowa Wesleyan University,,,
La Sierra,La Sierra University,,,
Langston,Langston University,,,
Livingstone,Livingstone College,,,
Louisiana Col.,Louisiana College,,,
Minn. St. Moorhead,Minnesota State Univ.-Moorhead,,,
Morningside,Morningside College,,,
Neb.-Kearney,University of Nebraska-Kearney,,,
Ohio Valley,Ohio Valley University,,,
Oklahoma Panhandle,Oklahoma Panhandle State Univ.,,,
P.R.-Cayey,"University of Puerto Rico, Cayey",,,
P.R.-Humacao,"University of Puerto Rico, Humacao",,,
Paine,Paine College,,,
Presentation,Presentation College,,,
Rust,Rust College,,,
SCAD,Savannah College of Art & Design,,,
SUNY Delhi,SUNY Delhi,,,
St. Andrews,St. Andrews Presbyterian College,,,
St. Francis (IL),University of St. Francis (Ill.),,,
St. Thomas (FL),St. Thomas University,,,
Stillman,Stillman College,,,
Texas Wesleyan,Texas Wesleyan University,,,
Washington Adventist,Washington Adventist University,,,
West Va. Tech,West Virginia Univ. Inst. of Tech.,,,
Western N.M.,Western New Mexico University,,,
Western Wash.,Western Washington University,,,
William Penn,William Penn College,,,
Winston-Salem,Winston-Salem State University,,,
Stephens,Stephens College,,,
BYU-Hawaii,BYU-Hawaii,,,
Becker,Becker College,,,
Concordia (NY),Concordia College-New York,,,
Concordia University-Portland,Concordia University-Portland,,,
Daniel Webster,Daniel Webster College,,,
Dowling,Dowling College,,,
Evergreen St.,Evergreen St.,,,
Finlandia,Finlandia University,,,
Green Mountain,Green Mountain College,,,
Holy Names,Holy Names University,,,
Johnson & Wales (Denver),Johnson & Wales University (Denver),,,
LIU Post,LIU Post,,,
Lambuth,Lambuth University,,,
Lincoln Christian,Lincoln Christian College & Seminary,,,
MacMurray,MacMurray College,,,
McNeese St.,McNeese State University,,,
Md.-East. Shore,"University of Maryland, Eastern Shore",,,
Medaille,Medaille College,,,
Mills,Mills College,,,
Morris Brown,Morris Brown College,,,
Mount Ida,Mount Ida College,,,
New Rochelle,College of New Rochelle,,,
New-York-City-Tech,NYC College of Technology,,,
Newbury,Newbury College,,,
Northeastern Ill.,Northeastern Illinois,,,
Notre Dame de Namur,Notre Dame de Namur,,,
Nyack,Nyack College,,,
Oakland City,Oakland City University,,,
Pine Manor,Pine Manor College,,,
Polytechnic (NY),Polytechnic Institute of New York University,,,
Reneau University,Reneau University,,,
Southampton,Southampton Campus of LIU,,,
Southern Vt.,Southern Vermont College,,,
Spelman,Spelman College,,,
St. Francis (PA),Saint Francis University,,,
St. Francis Brooklyn,St. Francis College Brooklyn,,,
St. Joseph's (IN),Saint Joseph's College (Ind.),,,
St. Paul's,St. Paul's College,,,
State University of New York at Morrisville,State University of New York at Morrisville,,,
TBD,TBD,,,
UIW,University of the Incarnate Word,,,
Urbana University,Urbana University,,,
Wesley,Wesley College,,,
Wheelock,Wheelock College,,,
William Peace,William Peace University,,,